row_position,Accession,Gene.name,Name,PeptideCounts,n_reference,n_comparison,mean_reference,mean_comparison,log2FC,group_coefficient,standard_error,t_statistic,p_value,q_value
1950,P31040,SDHA,"Succinate dehydrogenase [ubiquinone] flavoprotein subunit, mitochondrial",15,10,10,24.064772444158216,22.633340470810207,-1.4314319733480083,-1.4314319733480103,0.35507859734922215,-4.031310205780123,0.0007832672704533401,0.06179345602125902
1962,Q9NTX5,ECHDC1,Ethylmalonyl-CoA decarboxylase,13,10,10,25.988058934477998,24.89170235398496,-1.0963565804930369,-1.0963565804930406,0.27078963778865145,-4.048739048680791,0.0007534559940480032,0.06179345602125902
1946,P10515,DLAT,"Dihydrolipoyllysine-residue acetyltransferase component of pyruvate dehydrogenase complex, mitochondrial",10,10,10,24.68427889570377,23.643170525390047,-1.0411083703137223,-1.0411083703137214,0.25428501849708696,-4.094257603011906,0.0006808647675809489,0.06179345602125902
1949,P30084,ECHS1,"Enoyl-CoA hydratase, mitochondrial",13,10,10,28.018695675147534,27.17624537841409,-0.8424502967334426,-0.8424502967334534,0.20906313912344074,-4.029645303642126,0.0007861762852577483,0.06179345602125902
879,P43251,BTD,Biotinidase,4,10,10,21.81502018923768,22.586730121381652,0.771709932143974,0.7717099321439701,0.1894081533594022,4.074322664873088,0.0007117485051519415,0.06179345602125902
174,O75477,ERLIN1,Erlin-1,4,10,10,20.12470539368487,20.74406652894276,0.6193611352578898,0.6193611352578924,0.14844174092085435,4.172418966630964,0.000572234499734472,0.06179345602125902
1944,P06576,ATP5B,"ATP synthase subunit beta, mitochondrial",23,10,10,29.057410711702282,28.537910899594436,-0.5194998121078456,-0.5194998121078538,0.12650522560255353,-4.106548244417878,0.0006624990268064217,0.06179345602125902
1717,Q9H0A8,COMMD4,COMM domain-containing protein 4,2,10,10,21.45109611500472,21.02308597825602,-0.4280101367486999,-0.42801013674870136,0.10598924613574043,-4.038241164585214,0.0007712728179830818,0.06179345602125902
1951,P46060,RANGAP1,Ran GTPase-activating protein 1,9,10,10,24.500731476886344,20.494941588461455,-4.005789888424889,-4.005789888424889,1.004759099993932,-3.986816231322594,0.0008648560688764122,0.0653631605900827
1104,P62273,RPS29,40S ribosomal protein S29,2,10,10,18.333800064820842,20.458450211408767,2.124650146587925,2.1246501465879266,0.546236796927863,3.8896137326107523,0.0010739889636996061,0.07490985784732154
433,P07919,UQCRH,"Cytochrome b-c1 complex subunit 6, mitochondrial",4,10,10,22.87982539031833,21.471881495013807,-1.4079438953045234,-1.4079438953045262,0.3631884139914337,-3.876621172551321,0.0011055398868052542,0.07490985784732154
1945,P09622,DLD,"Dihydrolipoyl dehydrogenase, mitochondrial",12,10,10,25.556501676172935,24.89918191661577,-0.6573197595571649,-0.657319759557169,0.16820539922308259,-3.9078398350661625,0.001031242227139824,0.07490985784732154
225,O95571,ETHE1,"Persulfide dioxygenase ETHE1, mitochondrial",4,10,10,22.311005882442675,20.91871427546428,-1.3922916069783966,-1.3922916069783986,0.36673972157106194,-3.796402530421344,0.0013219454877671226,0.08376102794718106
133,O60234,GMFG,Glia maturation factor gamma,5,10,10,21.27162731854402,22.250844950988995,0.9792176324449748,0.9792176324449734,0.2574673235228395,3.8032695529928424,0.001301870135378104,0.08376102794718106
1835,Q9UEU0,VTI1B,Vesicle transport through interaction with t-SNAREs homolog 1B,3,10,10,20.30002151149191,19.77046547893216,-0.5295560325597499,-0.5295560325597461,0.14052083298351892,-3.768523295203178,0.0014066737517847202,0.08376102794718106
567,P14384,CPM,Carboxypeptidase M,3,10,10,21.205055279070923,20.71459808389715,-0.4904571951737715,-0.49045719517377667,0.1299735478314757,-3.773515483394404,0.0013911131838805248,0.08376102794718106
1691,Q9BVG4,PBDC1,Protein PBDC1,3,10,10,20.955509653634373,21.591069732458656,0.6355600788242839,0.6355600788242877,0.16956940040020438,3.748082362291125,0.0014722200769612163,0.08508566033025854
868,P42126,ECI1,"Enoyl-CoA delta isomerase 1, mitochondrial",7,10,10,23.48442239829693,22.15683514101039,-1.3275872572865381,-1.3275872572865366,0.3601593944556335,-3.686110310389464,0.0016901392609823167,0.0911876630245936
806,P35241,RDX,Radixin,16,10,10,22.00449702573716,21.210468632474793,-0.7940283932623657,-0.7940283932623697,0.21582580855477007,-3.6790242954696,0.0017170196091144847,0.0911876630245936
860,P40939,HADHA,"Trifunctional enzyme subunit alpha, mitochondrial;Long-chain enoyl-CoA hydratase;Long chain 3-hydroxyacyl-CoA dehydrogenase",30,10,10,26.891415850092603,26.40797093478968,-0.4834449153029219,-0.48344491530292233,0.13117179831593492,-3.6855857852807437,0.0016921145737154198,0.0911876630245936
60,O00584,RNASET2,Ribonuclease T2,5,10,10,21.737210906033106,19.888241399461684,-1.8489695065714216,-1.8489695065714244,0.512775127651767,-3.6058096558596855,0.002020911114418623,0.10182282922647676
1317,Q13790,APOF,Apolipoprotein F,1,10,10,20.670698538091578,21.715587994364732,1.0448894562731539,1.0448894562731528,0.289103402488062,3.614241296645755,0.0019833543815340163,0.10182282922647676
626,P19367,HK1,Hexokinase-1,4,10,10,19.67567995802147,20.4580565757426,0.7823766177211304,0.7823766177211241,0.2187713073302106,3.5762304813593078,0.0021583365325538516,0.10344222649922728
38,O00170,AIP,AH receptor-interacting protein,3,10,10,21.45848342356802,22.046455890540035,0.5879724669720154,0.5879724669720167,0.16429449830345985,3.5787714929200076,0.0021461753830402932,0.10344222649922728
262,P00751,CFB,Complement factor B;Complement factor B Ba fragment;Complement factor B Bb fragment,29,10,10,27.384900519807427,27.96796412054973,0.5830636007423031,0.5830636007422996,0.1641154558324333,3.552764715455104,0.002273923626548219,0.10638714109922023
211,O95202,LETM1,"LETM1 and EF-hand domain-containing protein 1, mitochondrial",6,10,10,22.08589298859533,20.26612552093647,-1.8197674676588598,-1.8197674676588573,0.5161402413438227,-3.525722898336527,0.0024147556093948603,0.10784079028320229
1957,Q16836,HADH,"Hydroxyacyl-coenzyme A dehydrogenase, mitochondrial",13,10,10,27.955392489078974,26.86870360032524,-1.0866888887537343,-1.0866888887537334,0.30805799806351275,-3.5275464217283177,0.002404992827683041,0.10784079028320229
781,P31930,UQCRC1,"Cytochrome b-c1 complex subunit 1, mitochondrial",13,10,10,24.579415006852976,23.85447150680286,-0.7249435000501165,-0.724943500050119,0.21022120612390083,-3.4484794061301765,0.0028663922579254893,0.12244479971355622
260,P00747,PLG,"Plasminogen;Plasmin heavy chain A;Activation peptide;Angiostatin;Plasmin heavy chain A, short form;Plasmin light chain B",27,10,10,26.12004617863473,26.745245396493466,0.6251992178587358,0.6251992178587241,0.18120685477153856,3.4501962889150133,0.0028554991924772,0.12244479971355622
1923,Q9Y5Y2,NUBP2,Cytosolic Fe-S cluster assembly factor NUBP2,2,10,10,20.40486922157935,20.98937148032721,0.584502258747861,0.5845022587478599,0.17091909861619553,3.419759778047853,0.0030548173280930536,0.1250565843688094
859,P40926,MDH2,"Malate dehydrogenase, mitochondrial",17,10,10,27.240952239874634,26.679811474322527,-0.561140765552107,-0.5611407655521119,0.16393112704361623,-3.4230275584136765,0.003032775721754249,0.1250565843688094
1582,Q92930,RAB8B,Ras-related protein Rab-8B,3,10,10,19.205490616615684,20.29214704306697,1.0866564264512846,1.0866564264512817,0.31879683684946675,3.408617341345805,0.00313117033852436,0.12556632071837484
597,P16219,ACADS,"Short-chain specific acyl-CoA dehydrogenase, mitochondrial",15,10,10,25.590868510700194,24.64633478612194,-0.9445337245782532,-0.9445337245782537,0.27902338108973307,-3.385141850440464,0.003298252532719915,0.12962132453589267
1610,Q96CM8,ACSF2,"Acyl-CoA synthetase family member 2, mitochondrial",10,10,10,22.523582604241867,21.125148104428813,-1.3984344998130531,-1.3984344998130558,0.41749895300569656,-3.3495521120360148,0.0035684594538221855,0.13749064366197244
1956,P60228,EIF3E,Eukaryotic translation initiation factor 3 subunit E,11,10,10,25.210440699364373,23.078396774323558,-2.132043925040815,-2.132043925040825,0.640501184527915,-3.328711915829258,0.003736687940589543,0.13941983038621053
1815,Q9P225,DNAH2,"Dynein heavy chain 2, axonemal",4,10,10,20.67101268983801,22.133064177324258,1.4620514874862458,1.4620514874862478,0.4396030125668125,3.325845014003492,0.0037604330842082234,0.13941983038621053
189,O75935,DCTN3,Dynactin subunit 3,7,10,10,20.46849748705349,21.175725155495115,0.7072276684416252,0.7072276684416222,0.21346907162187584,3.313021708804523,0.0038684724276089526,0.14076941333799245
947,P49915,GMPS,GMP synthase [glutamine-hydrolyzing],5,10,10,21.154196890521863,19.58695874806371,-1.5672381424581516,-1.5672381424581527,0.47630161648675123,-3.290432129998339,0.004066269914881982,0.14107212733293417
941,P49755,TMED10,Transmembrane emp24 domain-containing protein 10,3,10,10,21.84102340068744,23.23221636187434,1.3911929611868992,1.391192961186899,0.4240860802486511,3.280449479434014,0.004156815597925869,0.14107212733293417
840,P38117,ETFB,Electron transfer flavoprotein subunit beta,11,10,10,25.70055855612617,25.045658521369397,-0.6549000347567713,-0.6549000347567732,0.19968468516542043,-3.2796708180912755,0.004163961010335971,0.14107212733293417
1240,Q06830,PRDX1,Peroxiredoxin-1,14,10,10,28.510814321909727,28.771044629068513,0.2602303071587855,0.2602303071587808,0.07898949424449424,3.2944926366194514,0.004029996988927686,0.14107212733293417
609,P17050,NAGA,Alpha-N-acetylgalactosaminidase,2,10,10,19.983243601171466,21.770102023710116,1.78685842253865,1.7868584225386455,0.5472032089512718,3.2654384939796,0.004296710430020735,0.14131565893770962
1310,Q13564,NAE1,NEDD8-activating enzyme E1 regulatory subunit,6,10,10,21.717410319172586,20.86600783817048,-0.8514024810021077,-0.851402481002106,0.260885236380759,-3.263513462139705,0.004314981952296477,0.14131565893770962
1235,Q06033,ITIH3,Inter-alpha-trypsin inhibitor heavy chain H3,10,10,10,21.183402133790562,22.2402009743606,1.056798840570039,1.0567988405700437,0.3254304731729064,3.2473874688697317,0.004471068355155286,0.14402703799803504
200,O94826,TOMM70A,Mitochondrial import receptor subunit TOM70,14,10,10,22.642474894422357,21.828620690368425,-0.813854204053932,-0.8138542040539326,0.2532110724632355,-3.214133553231953,0.004810630006040673,0.15246593486886972
1823,Q9UBI6,GNG12,Guanine nucleotide-binding protein G(I)/G(S)/G(O) subunit gamma-12,4,10,10,23.94368230560405,21.87098489382019,-2.07269741178386,-2.0726974117838677,0.6588929357636759,-3.1457271724753757,0.0055904716187345745,0.15435420751060702
1410,Q16134,ETFDH,"Electron transfer flavoprotein-ubiquinone oxidoreductase, mitochondrial",8,10,10,23.055149520309154,21.60686506675095,-1.4482844535582053,-1.4482844535582144,0.45735831227391455,-3.1666297838943147,0.005339908844660383,0.15435420751060702
1301,Q13442,PDAP1,28 kDa heat- and acid-stable phosphoprotein,3,10,10,21.094028233221934,22.48002697295535,1.3859987397334166,1.3859987397334153,0.4383290374602962,3.1620053003195316,0.005394379493382652,0.15435420751060702
1787,Q9NX40,OCIAD1,OCIA domain-containing protein 1,1,10,10,21.156625083744547,19.88954069594677,-1.2670843877977767,-1.267084387797772,0.4050218199421106,-3.1284348778514577,0.005806409799357828,0.15435420751060702
1698,Q9BXK5,BCL2L13,Bcl-2-like protein 13,6,10,10,21.562318405130025,20.328927838856433,-1.2333905662735916,-1.2333905662735953,0.3943152203993176,-3.1279304030530644,0.00581283020650632,0.15435420751060702
1174,P80188,LCN2,Neutrophil gelatinase-associated lipocalin,2,10,10,21.08205425691912,22.145593285891657,1.0635390289725386,1.0635390289725408,0.33309630432361187,3.192887507810007,0.005040677265993388,0.15435420751060702
1676,Q9BRG1,VPS25,Vacuolar protein-sorting-associated protein 25,5,10,10,22.114716233485304,21.314305933605205,-0.8004102998800988,-0.8004102998800979,0.25425472494086865,-3.148064603583069,0.005561891591536993,0.15435420751060702
1086,P61923,COPZ1,Coatomer subunit zeta-1,3,10,10,22.02802531124788,22.81205969745772,0.7840343862098393,0.7840343862098332,0.24703477289547063,3.173781476268471,0.005256728482138299,0.15435420751060702
274,P01031,C5,Complement C5;Complement C5 beta chain;Complement C5 alpha chain;C5a anaphylatoxin;Complement C5 alpha chain,27,10,10,24.655667922612274,25.32735185935289,0.6716839367406173,0.6716839367406148,0.21418159510350196,3.136048811365083,0.005710344827098818,0.15435420751060702
782,P31937,HIBADH,"3-hydroxyisobutyrate dehydrogenase, mitochondrial",13,10,10,26.13492190858173,25.602290570723238,-0.5326313378584935,-0.5326313378584938,0.16858238281694043,-3.1594721165904116,0.005424447183930167,0.15435420751060702
764,P30050,RPL12,60S ribosomal protein L12,5,10,10,23.199822722298215,23.637284053397916,0.4374613310997013,0.43746133109969476,0.1391487724607545,3.1438389528235064,0.005613663833068636,0.15435420751060702
966,P51149,RAB7A,Ras-related protein Rab-7a,13,10,10,26.462241506632108,26.090019871425614,-0.3722216352064933,-0.3722216352064955,0.11730831859471386,-3.1730199500384666,0.005265525038484875,0.15435420751060702
1744,Q9HB71,CACYBP,Calcyclin-binding protein,6,10,10,22.947303285906592,21.180331870429317,-1.7669714154772755,-1.7669714154772824,0.574319338731717,-3.0766357604800967,0.0065031218131760314,0.15973292953613627
1927,Q9Y617,PSAT1,Phosphoserine aminotransferase,4,10,10,20.77677479913363,22.009560366869046,1.2327855677354158,1.2327855677354114,0.4004224863247268,3.0787121349016124,0.0064736886527159984,0.15973292953613627
550,P13671,C6,Complement component C6,16,10,10,21.986989151983863,23.100762867904756,1.1137737159208925,1.1137737159208931,0.3610476794302113,3.0848383174172427,0.006387602822357574,0.15973292953613627
1788,Q9NX46,ADPRHL2,Poly(ADP-ribose) glycohydrolase ARH3,4,10,10,20.148861322960084,21.116221148446723,0.9673598254866391,0.9673598254866372,0.3136631653906573,3.0840721264858177,0.006398308078552164,0.15973292953613627
1777,Q9NUJ1,ABHD10,"Mycophenolic acid acyl-glucuronide esterase, mitochondrial",5,10,10,21.811657205773948,21.05166403606003,-0.7599931697139191,-0.7599931697139191,0.24496541731437416,-3.102450860394668,0.0061462780524415795,0.15973292953613627
1668,Q99798,ACO2,"Aconitate hydratase, mitochondrial",32,10,10,27.616641352832936,27.217021777436422,-0.39961957539651394,-0.3996195753965103,0.1289364589509629,-3.099352802518747,0.0061880730150708115,0.15973292953613627
141,O60573,EIF4E2,Eukaryotic translation initiation factor 4E type 2,1,10,10,19.378588896029065,18.955211175393604,-0.423377720635461,-0.4233777206354613,0.13786759044161673,-3.070900994782748,0.006585092544187323,0.15974946727565542
1958,Q8NBJ7,SUMF2,Sulfatase-modifying factor 2,3,10,10,20.45894879373251,21.806915594874017,1.3479668011415065,1.3479668011415036,0.44286072293814166,3.0437713965656563,0.006986710009894268,0.15991903234312652
1126,P62854,RPS26;RPS26P11,40S ribosomal protein S26;Putative 40S ribosomal protein S26-like 1,2,10,10,20.80724687024983,21.89868304208661,1.0914361718367793,1.09143617183678,0.3567803998544924,3.0591259281112584,0.006756567676447323,0.15991903234312652
857,P40855,PEX19,Peroxisomal biogenesis factor 19,10,10,10,22.87157514395908,21.833170732884902,-1.038404411074179,-1.038404411074191,0.34124753785069656,-3.042965284422114,0.006999000906620295,0.15991903234312652
1661,Q99614,TTC1,Tetratricopeptide repeat protein 1,2,10,10,19.889745922392287,20.904091143757924,1.0143452213656374,1.0143452213656348,0.3333128186399933,3.0432229564540556,0.006995069862312307,0.15991903234312652
1579,Q92882,OSTF1,Osteoclast-stimulating factor 1,7,10,10,22.62297094047645,23.576667388669637,0.9536964481931882,0.9536964481931872,0.3112275638381355,3.0643058617044265,0.006680605542536891,0.15991903234312652
1952,P49327,FASN,Fatty acid synthase;[Acyl-carrier-protein] S-acetyltransferase;[Acyl-carrier-protein] S-malonyltransferase;3-oxoacyl-[acyl-carrier-protein] synthase;3-oxoacyl-[acyl-carrier-protein] reductase;3-hydroxyacyl-[acyl-carrier-protein] dehydratase;Enoyl-[acyl-carrier-protein] reductase;Oleoyl-[acyl-carrier-protein] hydrolase,94,10,10,29.625039631182762,28.544635951949694,-1.0804036792330685,-1.0804036792330765,0.3603948281364111,-2.997833472860323,0.007721703391402222,0.1744039903920157
975,P51649,ALDH5A1,"Succinate-semialdehyde dehydrogenase, mitochondrial",8,10,10,23.22705885725177,22.26364481987543,-0.9634140373763387,-0.9634140373763412,0.3226943133367431,-2.985531500119694,0.007930947358581446,0.17709444954105164
1196,Q00341,HDLBP,Vigilin,7,10,10,19.971535745322754,22.170672347363045,2.1991366020402907,2.1991366020402916,0.7577001376955039,2.902383796218942,0.009496372804992272,0.19315062853132997
1707,Q9C005,DPY30,Protein dpy-30 homolog,3,10,10,21.743493794025373,19.824071586219702,-1.9194222078056704,-1.9194222078056722,0.6628362477166924,-2.8957713378192715,0.00963295755525208,0.19315062853132997
1520,Q8IUX7,AEBP1,Adipocyte enhancer-binding protein 1,6,10,10,21.8017194773284,23.50879606977688,1.7070765924484803,1.7070765924484763,0.5841635328260634,2.922258060495474,0.009097027714514084,0.19315062853132997
32,CON__Q3ZBD7,,,8,10,10,22.972386760482777,21.44887689446286,-1.5235098660199178,-1.523509866019915,0.5223098630384624,-2.9168698005377798,0.009203663478716482,0.19315062853132997
834,P36980,CFHR2,Complement factor H-related protein 2,7,10,10,20.024046223009996,21.035408725205574,1.0113625021955777,1.0113625021955737,0.34864211666039846,2.9008615249451077,0.009527649588427535,0.19315062853132997
101,O15488,GYG2,Glycogenin-2,4,10,10,21.467631128531984,20.461736875913566,-1.0058942526184182,-1.0058942526184163,0.3456710436880403,-2.9099754549478876,0.009341868773644804,0.19315062853132997
1494,Q709C8,VPS13C,Vacuolar protein sorting-associated protein 13C,3,10,10,19.76979489164308,18.811567002077318,-0.9582278895657623,-0.9582278895657652,0.3308882435112629,-2.895926066751141,0.00962973995387898,0.19315062853132997
814,P35606,COPB2,Coatomer subunit beta,6,10,10,20.778895806078275,21.53183576090692,0.7529399548286442,0.7529399548286406,0.25661845323760524,2.9340834430620117,0.008867171456777737,0.19315062853132997
1672,Q9BPX5,ARPC5L,Actin-related protein 2/3 complex subunit 5-like protein,3,10,10,20.057226804303724,20.604099494081463,0.5468726897777394,0.5468726897777385,0.18881003059254658,2.896417568820238,0.009619526010287944,0.19315062853132997
335,P02787,TF,Serotransferrin,56,10,10,32.5352454517178,32.862845878988544,0.32760042727074534,0.3276004272707441,0.11293972571576225,2.9006660428344135,0.009531673192236911,0.19315062853132997
528,P12004,PCNA,Proliferating cell nuclear antigen,2,10,10,21.15823976243368,20.134062978413056,-1.024176784020625,-1.0241767840206233,0.3543439642940634,-2.890346350504444,0.009746429288815315,0.19345185406587972
1433,Q16799,RTN1,Reticulon-1,8,10,10,22.524785734850553,21.453601972439778,-1.0711837624107758,-1.0711837624107807,0.37150699972035733,-2.8833474556794023,0.009894729331385759,0.19443143136173016
99,O15371,EIF3D,Eukaryotic translation initiation factor 3 subunit D,4,10,10,21.48409017586814,20.15330532479046,-1.3307848510776807,-1.330784851077678,0.4645414656652786,-2.8647278002876146,0.010299941809115717,0.19618426644410164
333,P02775,PPBP,Platelet basic protein;Connective tissue-activating peptide III;TC-2;Connective tissue-activating peptide III(1-81);Beta-thromboglobulin;Neutrophil-activating peptide 2(74);Neutrophil-activating peptide 2(73);Neutrophil-activating peptide 2;TC-1;Neutrophil-activating peptide 2(1-66);Neutrophil-activating peptide 2(1-63),2,10,10,20.638271929393525,21.944677796179406,1.3064058667858802,1.3064058667858773,0.4566278923554943,2.8609856924132293,0.010383289419942276,0.19618426644410164
1684,Q9BSL1,UBAC1,Ubiquitin-associated domain-containing protein 1,2,10,10,20.78891770535885,21.69047637666094,0.9015586713020909,0.9015586713020906,0.31502341670284467,2.8618782715842133,0.0103633502374872,0.19618426644410164
667,P22234,PAICS,Multifunctional protein ADE2;Phosphoribosylaminoimidazole-succinocarboxamide synthase;Phosphoribosylaminoimidazole carboxylase,10,10,10,23.20198463469285,22.42124615941901,-0.7807384752738393,-0.7807384752738383,0.2724423866954995,-2.865701202898526,0.010278367252105956,0.19618426644410164
1778,Q9NUP9,LIN7C;LIN7A,Protein lin-7 homolog C;Protein lin-7 homolog A,4,10,10,21.62978271956036,20.543446642669494,-1.0863360768908663,-1.0863360768908716,0.38196638673862415,-2.844061976673986,0.010768416601764808,0.19994301812212592
1697,Q9BX68,HINT2,"Histidine triad nucleotide-binding protein 2, mitochondrial",4,10,10,23.22087736017308,22.22531619847904,-0.9955611616940416,-0.9955611616940425,0.350141010300679,-2.8433149285743973,0.010785730239666844,0.19994301812212592
614,P17661,DES,Desmin,26,10,10,24.971439281198606,22.296236671175357,-2.6752026100232484,-2.675202610023258,0.9505001887542657,-2.814520861410247,0.011473868366407042,0.2008716045867819
648,P20962,PTMS,Parathymosin,3,10,10,21.961241493048757,20.289770160328583,-1.6714713327201736,-1.671471332720177,0.5907691841602286,-2.8293136770431815,0.011115226568755928,0.2008716045867819
1703,Q9BY32,ITPA,Inosine triphosphate pyrophosphatase,4,10,10,21.69528926738682,20.2785053882367,-1.4167838791501204,-1.4167838791501242,0.5038238196646144,-2.81206212142421,0.011534547426341022,0.2008716045867819
385,P05534,HLA-A,"HLA class I histocompatibility antigen, A-24 alpha chain",12,10,10,23.125147188939458,21.797740365636788,-1.3274068233026703,-1.3274068233026695,0.4721546153455366,-2.811381653722127,0.011551395072929443,0.2008716045867819
1456,Q53TN4,CYBRD1,Cytochrome b reductase 1,2,10,10,22.15030205268998,21.198091901426565,-0.9522101512634151,-0.9522101512634161,0.33838144727192493,-2.814014062946588,0.011486350441363603,0.2008716045867819
1265,Q12805,EFEMP1,EGF-containing fibulin-like extracellular matrix protein 1,14,10,10,24.78188835592612,25.432519595800052,0.6506312398739311,0.6506312398739341,0.23027788994069007,2.825417759566537,0.011208620107399626,0.2008716045867819
673,P22676,CALB2,Calretinin,17,10,10,27.23862283324209,26.9186627264901,-0.3199601067519886,-0.319960106751995,0.11322157629836825,-2.825964071625509,0.011195478460276131,0.2008716045867819
1417,Q16531,DDB1,DNA damage-binding protein 1,5,10,10,20.49149465513145,21.20520373078765,0.713709075656201,0.7137090756561969,0.25627928764427454,2.7848878550296754,0.012226052291486062,0.21073853291903608
1266,Q12841,FSTL1,Follistatin-related protein 1,7,10,10,20.1890023504794,21.426767041680158,1.2377646912007592,1.2377646912007627,0.4466786786169634,2.7710404602995893,0.012593567432538201,0.21518573917337014
1633,Q96IZ0,PAWR,PRKC apoptosis WT1 regulator protein,2,10,10,20.490723196614503,21.45523264788941,0.9645094512749068,0.9645094512749062,0.3488833879555701,2.7645611243540644,0.012769149188943986,0.2163049841058184
645,P20742,PZP,Pregnancy zone protein,12,10,10,21.51454107137917,23.148894234107836,1.6343531627286652,1.6343531627286676,0.595868202851831,2.7428098275871036,0.013375905588704728,0.22464661950260506
1593,Q969Z3,2020-03-02 00:00:00,Mitochondrial amidoxime reducing component 2,4,10,10,20.19824357734387,21.021180184215133,0.8229366068712629,0.8229366068712615,0.30094238599140205,2.734532073839452,0.013613991726759101,0.22670757409391215
1505,Q7Z5L9,IRF2BP2,Interferon regulatory factor 2-binding protein 2,2,10,10,22.021145742231106,20.856781780877284,-1.1643639613538213,-1.1643639613538244,0.4304592581178173,-2.704934182261533,0.014498897346547704,0.2394145654282877
169,O75390,CS,"Citrate synthase, mitochondrial",12,10,10,24.80370935901103,23.80592679126078,-0.9977825677502494,-0.9977825677502492,0.37003431420182986,-2.6964595699792944,0.014762225339834055,0.23992209862866143
1076,P61353,RPL27,60S ribosomal protein L27,2,10,10,21.007565281186263,21.665012887257127,0.657447606070864,0.657447606070861,0.24385229607354997,2.69608946340437,0.014773828974080425,0.23992209862866143
1273,Q13011,ECH1,"Delta(3,5)-Delta(2,4)-dienoyl-CoA isomerase, mitochondrial",12,10,10,26.29687572473849,25.96708780440606,-0.3297879203324321,-0.3297879203324303,0.12276590399182927,-2.686315252110875,0.015083442137250923,0.24294232622703332
1331,Q14141,2020-09-06 00:00:00,Septin-6,8,10,10,20.230710030158566,21.231811100270896,1.0011010701123304,1.0011010701123289,0.37661571523679166,2.6581500176722606,0.01601061658421463,0.25577936250391664
825,P36405,ARL3,ADP-ribosylation factor-like protein 3,5,10,10,22.47280583241335,21.471901664387094,-1.0009041680262563,-1.0009041680262563,0.37787664117461117,-2.648759036586634,0.016331653995383173,0.25673360080742347
248,P00450,CP,Ceruloplasmin,46,10,10,29.240409928400982,29.687425611771964,0.4470156833709815,0.4470156833709836,0.1685934522360377,2.6514415443913175,0.01623933048937544,0.25673360080742347
1027,P55735,SEC13,Protein SEC13 homolog,7,10,10,24.32958853561126,23.79174654385789,-0.5378419917533712,-0.5378419917533712,0.20453267701682473,-2.6296140039722293,0.017005220242607203,0.26299204698564577
867,P42025,ACTR1B,Beta-centractin,12,10,10,23.826398934264564,23.288768103132366,-0.5376308311321978,-0.5376308311321992,0.20472509532549188,-2.6261110308798314,0.01713128855682578,0.26299204698564577
84,O14957,UQCR11,Cytochrome b-c1 complex subunit 10,1,10,10,20.58911532081718,20.300271802390174,-0.2888435184270044,-0.28884351842700506,0.10973510213856427,-2.632188905809535,0.016913115303139777,0.26299204698564577
201,O94875,SORBS2,Sorbin and SH3 domain-containing protein 2,9,10,10,22.58832715568018,21.82274734825707,-0.7655798074231086,-0.7655798074231122,0.29214744350879573,-2.6205254382110064,0.01733414770856103,0.26404341276994125
199,O94804,STK10,Serine/threonine-protein kinase 10,3,10,10,25.32854158531872,24.127495341979802,-1.2010462433389186,-1.201046243338923,0.46074941444676504,-2.606723320052514,0.017845250259056984,0.26973782122343826
247,P00441,SOD1,Superoxide dismutase [Cu-Zn],9,10,10,29.168123905032076,28.80785887864706,-0.3602650263850151,-0.36026502638501023,0.13870329958558167,-2.5973789193293286,0.018199368761251875,0.2729905314187781
608,P16989,YBX3,Y-box-binding protein 3,7,10,10,21.582965652827284,22.689238760078332,1.1062731072510488,1.106273107251043,0.4279094766396369,2.5852970491295957,0.018667117398201163,0.2742757355037173
1850,Q9UI09,NDUFA12,NADH dehydrogenase [ubiquinone] 1 alpha subcomplex subunit 12,3,10,10,21.012902844106716,20.29739284877132,-0.7155099953353954,-0.7155099953353972,0.2767106901589618,-2.5857692556957543,0.018648623841987857,0.2742757355037173
368,P05091,ALDH2,"Aldehyde dehydrogenase, mitochondrial",26,10,10,30.110081866941613,29.529664360136344,-0.5804175068052686,-0.5804175068052707,0.22458831832077397,-2.5843619612319935,0.01870379061450286,0.2742757355037173
551,P13693,TPT1,Translationally-controlled tumor protein;TPT1-like protein,4,10,10,22.97631315950024,24.312162580889318,1.335849421389078,1.3358494213890828,0.5198504846974311,2.5696800536150084,0.019288629474402873,0.27957663949749784
951,P50225,SULT1A1;SULT1A2,Sulfotransferase 1A1;Sulfotransferase 1A2,11,10,10,22.12310876656736,23.228030999084645,1.1049222325172856,1.1049222325172838,0.4319903565123283,2.557747449359442,0.019776668137482033,0.27957663949749784
1861,Q9UKG1,APPL1,DCC-interacting protein 13-alpha,11,10,10,21.72275591628838,22.807083063366445,1.0843271470780635,1.0843271470780658,0.423137668787789,2.5625871366746007,0.019577334408180193,0.27957663949749784
1565,Q8WXH0,SYNE2,Nesprin-2,4,10,10,20.308073715442703,21.317826558040444,1.0097528425977416,1.0097528425977416,0.3934606580848303,2.5663375024906263,0.019424176353061044,0.27957663949749784
790,P32455,GBP1,Interferon-induced guanylate-binding protein 1,5,10,10,23.204166651999067,22.24036783348214,-0.9637988185169277,-0.9637988185169317,0.3767879593775227,-2.55793422939838,0.019768939666411224,0.27957663949749784
1214,Q02224,CENPE,Centromere-associated protein E,3,10,10,20.500301114297336,21.616417550921238,1.1161164366239014,1.1161164366239005,0.43856165608888753,2.5449476057197447,0.020313155076020443,0.28109401214352236
276,P01040,CSTA,"Cystatin-A;Cystatin-A, N-terminally processed",1,10,10,21.47540118042824,20.522538653574788,-0.9528625268534512,-0.9528625268534487,0.3743407357156226,-2.5454417217828915,0.0202921919977195,0.28109401214352236
1299,Q13428,TCOF1,Treacle protein,2,10,10,20.38032527744451,19.738922879437236,-0.6414023980072727,-0.6414023980072697,0.25163945451096664,-2.5488944062995373,0.02014628024945225,0.28109401214352236
218,O95359,TACC2,Transforming acidic coiled-coil-containing protein 2,10,10,10,20.596032514148696,18.631210792824753,-1.9648217213239434,-1.9648217213239465,0.7771809219461022,-2.5281394149562098,0.02103856201001822,0.2851087886185228
1031,P55809,OXCT1,"Succinyl-CoA:3-ketoacid coenzyme A transferase 1, mitochondrial",13,10,10,24.814458015368285,23.9727000670763,-0.8417579482919848,-0.8417579482919879,0.3327153947103511,-2.529963932161267,0.020958651479961697,0.2851087886185228
1808,Q9NZZ3,CHMP5,Charged multivesicular body protein 5,3,10,10,21.24917374749871,20.521365991403414,-0.7278077560952951,-0.7278077560952966,0.2872577408205459,-2.5336401867407594,0.020798508113195315,0.2851087886185228
1261,Q10589,BST2,Bone marrow stromal antigen 2,1,10,10,19.120703897295854,20.278657954139412,1.1579540568435576,1.157954056843558,0.46022901443569547,2.51603879921254,0.021575871517657084,0.2864634292715958
257,P00738,HP,Haptoglobin;Haptoglobin alpha chain;Haptoglobin beta chain,30,10,10,30.920676048685653,31.732502707619357,0.811826658933704,0.8118266589337038,0.3222312944133356,2.5193911113187837,0.021425734362846473,0.2864634292715958
1428,Q16740,CLPP,"ATP-dependent Clp protease proteolytic subunit, mitochondrial",2,10,10,20.96380631508379,20.43925906178632,-0.5245472532974702,-0.5245472532974708,0.2084683691865823,-2.516195887866294,0.02156881401051428,0.2864634292715958
532,P12235,SLC25A4,ADP/ATP translocase 1,8,10,10,20.800110332346527,19.72046675480471,-1.079643577541816,-1.0796435775418165,0.4302349748623326,-2.50942773280411,0.021874869009694726,0.28848401076543717
341,P03952,KLKB1,Plasma kallikrein;Plasma kallikrein heavy chain;Plasma kallikrein light chain,13,10,10,21.724399138709188,22.39867568907341,0.6742765503642225,0.6742765503642202,0.269235888602836,2.5044081376494387,0.02210449440282001,0.2895688766769421
1545,Q8NE71,ABCF1,ATP-binding cassette sub-family F member 1,7,10,10,21.221907216704906,22.983404173577966,1.76149695687306,1.7614969568730547,0.7055422010637024,2.4966571159277993,0.022463538772523276,0.2904003532105805
1552,Q8TE73,DNAH5,"Dynein heavy chain 5, axonemal",4,10,10,23.21106029507623,22.34409473726735,-0.8669655578088786,-0.8669655578088848,0.3470270445656585,-2.4982651104151983,0.022388604155677165,0.2904003532105805
478,P09601,HMOX1,Heme oxygenase 1,6,10,10,20.92415901749286,22.734473549465633,1.8103145319727751,1.810314531972774,0.7308375266243479,2.477041019410159,0.02339689610834554,0.29049178591920444
1963,Q9UNN8,PROCR,Endothelial protein C receptor,5,10,10,22.194988424090816,23.704152009903076,1.50916358581226,1.5091635858122578,0.6082613744296974,2.4811103404802606,0.023200322548930563,0.29049178591920444
437,P07996,THBS1,Thrombospondin-1,14,10,10,21.687169023749274,23.021941744161445,1.3347727204121718,1.3347727204121678,0.5390273252747265,2.4762616992225266,0.023434720458414552,0.29049178591920444
1352,Q14699,RFTN1,Raftlin,5,10,10,20.566499963155863,19.322359195888843,-1.2441407672670195,-1.244140767267021,0.5042574397228161,-2.4672730023594878,0.02387516472257859,0.29049178591920444
1421,Q16630,CPSF6,Cleavage and polyadenylation specificity factor subunit 6,1,10,10,19.764530790891108,20.662934719110883,0.8984039282197749,0.8984039282197652,0.36371581937571534,2.4700710839627287,0.023737231834305726,0.29049178591920444
1641,Q96PU8,QKI,Protein quaking,2,10,10,21.289225723046872,20.433535286254234,-0.8556904367926386,-0.855690436792647,0.34423369569998435,-2.485783488024429,0.02297649782477129,0.29049178591920444
568,P14406,COX7A2,"Cytochrome c oxidase subunit 7A2, mitochondrial",2,10,10,23.56404077975359,22.712098094047178,-0.8519426857064119,-0.8519426857064121,0.34569550508944286,-2.4644309028142737,0.0240160385508358,0.29049178591920444
323,P02748,C9,Complement component C9;Complement component C9a;Complement component C9b,15,10,10,24.82610179682256,25.674668487850692,0.8485666910281324,0.8485666910281348,0.3427920965878692,2.4754558213993665,0.02347389427352872,0.29049178591920444
1849,Q9UHY7,ENOPH1,Enolase-phosphatase E1,4,10,10,22.41789574421611,21.600688521940178,-0.8172072222759326,-0.8172072222759331,0.3322179444035506,-2.4598527443877565,0.02424460706908373,0.29049178591920444
1307,Q13526,PIN1,Peptidyl-prolyl cis-trans isomerase NIMA-interacting 1,3,10,10,21.651644337981544,20.911922383434717,-0.7397219545468268,-0.7397219545468278,0.2978035394163683,-2.4839260003307073,0.023065219444221775,0.29049178591920444
391,P06132,UROD,Uroporphyrinogen decarboxylase,6,10,10,22.36701518668353,21.636122869233617,-0.7308923174499142,-0.7308923174499167,0.29559182992307637,-2.4726404570793488,0.023611233443781982,0.29049178591920444
494,P0DN76,U2AF1L4;U2AF1,Splicing factor U2AF 26 kDa subunit;Splicing factor U2AF 35 kDa subunit,1,10,10,20.509654759385178,20.931329390326297,0.42167463094111923,0.4216746309411181,0.1714094565085416,2.4600429843852014,0.02423506861092078,0.29049178591920444
1557,Q8WUT4,LRRN4,Leucine-rich repeat neuronal protein 4,5,10,10,21.973460938788914,20.623157685771382,-1.3503032530175325,-1.3503032530175318,0.5518078642788987,-2.447053295954934,0.02489452035774097,0.29292055390994615
1662,Q99623,PHB2,Prohibitin-2,6,10,10,23.266940291023836,22.4237779886127,-0.8431623024111374,-0.8431623024111414,0.34390416546561325,-2.451736230846697,0.02465486191632738,0.29292055390994615
674,P22695,UQCRC2,"Cytochrome b-c1 complex subunit 2, mitochondrial",11,10,10,25.134137413554395,24.631091077883166,-0.5030463356712289,-0.5030463356712286,0.20539123073734336,-2.4492103867595496,0.024783856595754914,0.29292055390994615
1130,P62877,RBX1,"E3 ubiquitin-protein ligase RBX1;E3 ubiquitin-protein ligase RBX1, N-terminally processed",2,10,10,20.963268373300664,22.551039805554957,1.5877714322542928,1.5877714322542906,0.6610784275800783,2.4017898119387042,0.027326285711555542,0.2977190705721081
1177,P82909,MRPS36,"28S ribosomal protein S36, mitochondrial",3,10,10,22.232093219115605,21.112053801669052,-1.1200394174465522,-1.1200394174465522,0.46239102935269677,-2.4222775667047443,0.026199255907156393,0.2977190705721081
694,P24298,GPT,Alanine aminotransferase 1,11,10,10,23.48928987664946,22.401446719236542,-1.0878431574129195,-1.0878431574129173,0.4541741783011204,-2.395211373491318,0.027697678836611814,0.2977190705721081
1222,Q03164,KMT2A,Histone-lysine N-methyltransferase 2A;MLL cleavage product N320;MLL cleavage product C180,3,10,10,22.360258691482873,21.32389782914405,-1.036360862338821,-1.0363608623388196,0.42950022262410176,-2.4129460422791023,0.026707075888360465,0.2977190705721081
1780,Q9NUU7,DDX19A;DDX19B,ATP-dependent RNA helicase DDX19A;ATP-dependent RNA helicase DDX19B,3,10,10,20.82069770980431,21.750279498027517,0.9295817882232065,0.9295817882232028,0.3893917708585165,2.387266136040049,0.028152525595577373,0.2977190705721081
793,P33121,ACSL1,Long-chain-fatty-acid--CoA ligase 1,36,10,10,27.892247593339448,26.98874565745126,-0.9035019358881868,-0.9035019358881865,0.3785455535883517,-2.386772020761066,0.028181041794611762,0.2977190705721081
1712,Q9GZS3,WDR61,"WD repeat-containing protein 61;WD repeat-containing protein 61, N-terminally processed",2,10,10,20.209541513602662,21.0708026490858,0.8612611354831365,0.8612611354831323,0.3549172647148382,2.4266532544567,0.02596425938690242,0.2977190705721081
388,P05556,ITGB1,Integrin beta-1,15,10,10,25.376608660267706,24.743412056621708,-0.6331966036459988,-0.6331966036459977,0.26528406597284,-2.386862555517469,0.028175814868103662,0.2977190705721081
1853,Q9UIJ7,AK3,"GTP:AMP phosphotransferase AK3, mitochondrial",7,10,10,23.496178167536687,22.873967411567666,-0.6222107559690215,-0.6222107559690233,0.2601919922677407,-2.3913524415031224,0.027917729351722362,0.2977190705721081
1731,Q9H444,CHMP4B,Charged multivesicular body protein 4b,4,10,10,20.88125807295658,21.479334444616065,0.5980763716594844,0.5980763716594847,0.2486636701829686,2.40516184458878,0.027137724126219388,0.2977190705721081
349,P04180,LCAT,Phosphatidylcholine-sterol acyltransferase,2,10,10,20.110528152036892,20.580948386691322,0.47042023465442995,0.47042023465442867,0.19630351132644427,2.396392359340634,0.027630659325157795,0.2977190705721081
1866,Q9ULA0,DNPEP,Aspartyl aminopeptidase,12,10,10,25.00285167842435,24.536392306816953,-0.4664593716073959,-0.4664593716073983,0.19370722297205553,-2.408063904125508,0.02697641829853645,0.2977190705721081
384,P05455,SSB,Lupus La protein,11,10,10,23.052144375830135,23.5015850581468,0.44944068231666634,0.4494406823166618,0.1866949986400745,2.4073525567930685,0.02701587407590861,0.2977190705721081
1766,Q9NR31,SAR1A,GTP-binding protein SAR1a,7,10,10,25.82847173951792,25.406331039008677,-0.42214070050924235,-0.4221407005092473,0.17482345007327987,-2.414668629021454,0.02661264482347878,0.2977190705721081
483,P09871,C1S,Complement C1s subcomponent;Complement C1s subcomponent heavy chain;Complement C1s subcomponent light chain,13,10,10,24.28791220956688,24.676973527701314,0.38906131813443423,0.3890613181344357,0.16085369013975712,2.4187279620156756,0.026391349705327055,0.2977190705721081
709,P26038,MSN,Moesin,37,10,10,27.66747470166115,27.978509373531544,0.31103467187039513,0.31103467187039074,0.1290277113027609,2.4106036504092847,0.026835987543581265,0.2977190705721081
1101,P62258,YWHAE,14-3-3 protein epsilon,22,10,10,29.638438023114396,29.34892111726193,-0.2895169058524658,-0.28951690585246953,0.11940306824061557,-2.424702397672465,0.026068785222934654,0.2977190705721081
1804,Q9NZN4,EHD2,EH domain-containing protein 2,36,10,10,30.641242807452436,30.36642123041985,-0.27482157703258636,-0.27482157703258686,0.11354104151753534,-2.4204602437977747,0.026297439689275982,0.2977190705721081
875,P42765,ACAA2,"3-ketoacyl-CoA thiolase, mitochondrial",19,10,10,26.884456751300867,26.613322746350285,-0.27113400495058215,-0.2711340049505875,0.1118042596806279,-2.42507759297445,0.0260486518928593,0.2977190705721081
409,P07108,DBI,Acyl-CoA-binding protein,7,10,10,28.050835993044483,27.526051402948667,-0.5247845900958161,-0.5247845900958246,0.2203363603998255,-2.3817430275399984,0.028472811688237308,0.2991929142640979
238,P00325,ADH1B;ADH1A,Alcohol dehydrogenase 1B;Alcohol dehydrogenase 1A,25,10,10,31.03883686163106,30.585841641250717,-0.4529952203803447,-0.45299522038035295,0.1916522829416245,-2.3636307036234525,0.029547172977130054,0.30883082393649236
1071,P61224,RAP1B,Ras-related protein Rap-1b;Ras-related protein Rap-1b-like protein,10,10,10,26.75483192517613,26.415248288671563,-0.33958363650456747,-0.33958363650457174,0.1438655256254539,-2.3604239794644015,0.02974127982171313,0.3092148933844778
212,O95210,STBD1,Starch-binding domain-containing protein 1,7,10,10,22.469561252511465,21.190233483751744,-1.279327768759721,-1.2793277687597278,0.544350179542801,-2.350192609166095,0.03036856968364061,0.31243057292331833
971,P51572,BCAP31,B-cell receptor-associated protein 31,13,10,10,24.94589488500535,24.281036598289752,-0.6648582867155994,-0.6648582867155953,0.2828028472144803,-2.350960371383251,0.03032107351831228,0.31243057292331833
1748,Q9HCB6,SPON1,Spondin-1,7,10,10,22.749204908353903,23.403203109363716,0.6539982010098129,0.6539982010098138,0.27858618445028266,2.347561499865146,0.030531864328604996,0.31247454898806676
246,P00403,MT-CO2,Cytochrome c oxidase subunit 2,4,10,10,24.979524650087267,24.350081398922573,-0.6294432511646946,-0.6294432511646963,0.2687835425318717,-2.341822141473035,0.030890906582076445,0.3145110436983431
1615,Q96DC8,ECHDC3,"Enoyl-CoA hydratase domain-containing protein 3, mitochondrial",8,10,10,23.247765378990717,22.074773790713678,-1.1729915882770392,-1.1729915882770447,0.5050698645395246,-2.3224343217278833,0.03213301777848465,0.31889585825617345
1486,Q6UW68,TMEM205,Transmembrane protein 205,2,10,10,20.64003028543369,21.334538778443196,0.6945084930095078,0.6945084930095041,0.2989175028902197,2.323411932370414,0.03206929045170274,0.31889585825617345
96,O15247,CLIC2,Chloride intracellular channel protein 2,7,10,10,23.381975105446607,22.69417085103107,-0.6878042544155356,-0.6878042544155424,0.29605914772377484,-2.323198792213198,0.0320831743632995,0.31889585825617345
606,P16930,FAH,Fumarylacetoacetase,16,10,10,27.669934022677616,27.181380073159165,-0.488553949518451,-0.4885539495184569,0.21020655230798493,-2.3241613743926033,0.03202051623993907,0.31889585825617345
953,P50395,GDI2,Rab GDP dissociation inhibitor beta,26,10,10,27.691111882443966,27.500632190549204,-0.19047969189476177,-0.19047969189476158,0.0819994046676395,-2.3229399367814323,0.032100043668730496,0.31889585825617345
190,O75937,DNAJC8,DnaJ homolog subfamily C member 8,2,10,10,21.882425168355823,22.943110863116562,1.060685694760739,1.0606856947607344,0.45807429858101884,2.3155319956750042,0.0325863163360417,0.3217694050267434
410,P07195,LDHB,L-lactate dehydrogenase B chain,19,10,10,29.871558281121708,29.504351392570385,-0.36720688855132266,-0.3672068885513228,0.15886074165221284,-2.3115017891282004,0.032853731385325255,0.32278791086082065
1260,Q10588,BST1,ADP-ribosyl cyclase/cyclic ADP-ribose hydrolase 2,7,10,10,22.84897549276337,23.817256214112028,0.9682807213486591,0.9682807213486517,0.4209372639050748,2.3002969904964456,0.03360793798638937,0.32534317393035234
249,P00488,F13A1,Coagulation factor XIII A chain,20,10,10,25.323446794143685,26.00915258071523,0.6857057865715461,0.685705786571547,0.29809937053313224,2.300259089260084,0.03361051618720688,0.32534317393035234
1826,Q9UBQ7,GRHPR,Glyoxylate reductase/hydroxypyruvate reductase,10,10,10,26.029755033298017,25.810577667938126,-0.21917736535989008,-0.2191773653598918,0.0952701988485215,-2.3005868362716577,0.03358822752483022,0.32534317393035234
338,P02794,FTH1,"Ferritin heavy chain;Ferritin heavy chain, N-terminally processed",11,10,10,27.305149443574756,26.66395459401162,-0.641194849563135,-0.6411948495631332,0.27928375492505186,-2.2958544428593894,0.03391139057327336,0.3266464827278537
1290,Q13347,EIF3I,Eukaryotic translation initiation factor 3 subunit I,6,10,10,21.94568730327718,20.3213599800162,-1.624327323260978,-1.6243273232609823,0.71071437337311,-2.28548539908063,0.034629563621048715,0.3267363640752693
727,P27487,DPP4,Dipeptidyl peptidase 4;Dipeptidyl peptidase 4 membrane form;Dipeptidyl peptidase 4 soluble form,4,10,10,21.87026907711178,20.76623974691403,-1.104029330197747,-1.1040293301977506,0.4834312511195227,-2.2837359555077508,0.03475211200597012,0.3267363640752693
1381,Q15293,RCN1,Reticulocalbin-1,5,10,10,21.15899844839185,22.11105235950871,0.9520539111168631,0.9520539111168616,0.4157360277853631,2.2900442768659675,0.03431209210106625,0.3267363640752693
821,P35813,PPM1A,Protein phosphatase 1A,5,10,10,21.366612607342596,22.292533737215273,0.9259211298726768,0.9259211298726764,0.40519746737646495,2.2851108519205336,0.034655766910879945,0.3267363640752693
1739,Q9H8Y8,GORASP2,Golgi reassembly-stacking protein 2,3,10,10,20.041008077849604,20.835791332062964,0.7947832542133604,0.7947832542133592,0.3472285895758332,2.288933797715934,0.0343891744490336,0.3267363640752693
1492,Q6YN16,HSDL2,Hydroxysteroid dehydrogenase-like protein 2,12,10,10,23.439935156239386,22.728785012919037,-0.7111501433203493,-0.7111501433203521,0.3119187112024175,-2.279921395478119,0.03502071488642506,0.32763311382054316
336,P02790,HPX,Hemopexin,23,10,10,31.060658141820035,31.236807736254736,0.17614959443470113,0.17614959443470093,0.07733801655314904,2.277658547315415,0.035180960313554506,0.32763311382054316
226,O95573,ACSL3,Long-chain-fatty-acid--CoA ligase 3,5,10,10,20.919188359737692,19.344600698664085,-1.5745876610736076,-1.574587661073607,0.6941908742086923,-2.268234457660479,0.03585565680690448,0.3323413472904118
711,P26368,U2AF2,Splicing factor U2AF 65 kDa subunit,6,10,10,21.87981188280811,23.2677290019707,1.3879171191625908,1.3879171191625854,0.6133818236903293,2.262729454244941,0.036255289695727395,0.333718932065336
574,P14854,COX6B1,Cytochrome c oxidase subunit 6B1,3,10,10,23.232173279508665,22.38402950270088,-0.8481437768077846,-0.8481437768077863,0.375033315873019,-2.26151581982374,0.03634394476436738,0.333718932065336
396,P06681,C2,Complement C2;Complement C2b fragment;Complement C2a fragment,8,10,10,19.46406181635021,20.957616083828707,1.4935542674784976,1.493554267478497,0.6641174865909797,2.2489307955812876,0.03727514778825449,0.33613966843688076
354,P04264,KRT1,"Keratin, type II cytoskeletal 1",19,10,10,21.428727640729626,22.77990975053333,1.3511821098037053,1.3511821098037045,0.6005105612176816,2.2500555311864177,0.03719103772749537,0.33613966843688076
418,P07357,C8A,Complement component C8 alpha chain,14,10,10,22.773710602228824,23.71796021990943,0.9442496176806046,0.9442496176806031,0.41949192785351214,2.2509363231664805,0.03712529260015507,0.33613966843688076
762,P30048,PRDX3,"Thioredoxin-dependent peroxide reductase, mitochondrial",8,10,10,27.438475144968216,27.119373510747778,-0.3191016342204378,-0.3191016342204375,0.14190443421728388,-2.2487079842186577,0.0372918309003766,0.33613966843688076
1445,Q3LXA3,DAK,Bifunctional ATP-dependent dihydroxyacetone kinase/FAD-AMP lyase (cyclizing);ATP-dependent dihydroxyacetone kinase;FAD-AMP lyase (cyclizing),7,10,10,22.906359725236065,22.174439306978062,-0.731920418258003,-0.7319204182580086,0.32637902116748463,-2.242547378320668,0.03775584678401361,0.33668680704462545
160,O75323,GBAS,Protein NipSnap homolog 2,4,10,10,22.510648212906393,21.784998850793823,-0.7256493621125699,-0.7256493621125651,0.3236981216730321,-2.2417472129960165,0.03781650430997417,0.33668680704462545
656,P21695,GPD1,"Glycerol-3-phosphate dehydrogenase [NAD(+)], cytoplasmic",28,10,10,30.7504122472155,30.357276097760995,-0.3931361494545058,-0.393136149454501,0.17559840398390317,-2.238836689486877,0.038037898811148524,0.33668680704462545
557,P13807,GYS1,"Glycogen [starch] synthase, muscle",4,10,10,21.587899438707403,21.880674196079973,0.29277475737256964,0.2927747573725702,0.1307225927948377,2.2396645531049475,0.037974804491871024,0.33668680704462545
1832,Q9UBY9,HSPB7,Heat shock protein beta-7,2,10,10,18.048184645950634,20.78500129186948,2.7368166459188465,2.7368166459188457,1.228047410289661,2.2285920095489713,0.03882671750248517,0.3381644927276314
747,P29536,LMOD1,Leiomodin-1,7,10,10,21.426529569848423,22.847272141887494,1.420742572039071,1.4207425720390743,0.6392170100898489,2.222629482027353,0.03929272814428176,0.3381644927276314
1039,P56537,EIF6,Eukaryotic translation initiation factor 6,6,10,10,23.224119802051256,22.535321909068603,-0.6887978929826524,-0.68879789298265,0.3087425563572707,-2.230978136313631,0.03864165614763403,0.3381644927276314
590,P15880,RPS2,40S ribosomal protein S2,6,10,10,22.69422709907257,22.024668387571243,-0.6695587115013275,-0.6695587115013317,0.3006591718476967,-2.226969187025189,0.03895304507644502,0.3381644927276314
153,O60925,PFDN1,Prefoldin subunit 1,5,10,10,21.41212905525538,21.990810663227002,0.578681607971621,0.5786816079716274,0.26053294665440263,2.2211455994440867,0.03940950067919979,0.3381644927276314
911,P48047,ATP5O,"ATP synthase subunit O, mitochondrial",8,10,10,25.321731140877006,24.786809464976333,-0.534921675900673,-0.5349216759006774,0.24052587362248953,-2.2239672923514595,0.039187723682580236,0.3381644927276314
420,P07384,CAPN1,Calpain-1 catalytic subunit,21,10,10,25.617987830708916,25.322418636332948,-0.2955691943759682,-0.29556919437597073,0.1329801599362522,-2.2226563309719296,0.03929061823187422,0.3381644927276314
1302,Q13464,ROCK1,Rho-associated protein kinase 1,6,10,10,21.929986168030805,22.48752979407958,0.5575436260487763,0.5575436260487797,0.2527686973363809,2.2057463282599774,0.04064031904823511,0.34720968230339994
1522,Q8IVM0,CCDC50,Coiled-coil domain-containing protein 50,2,10,10,20.61463902818283,19.02885507991234,-1.585783948270489,-1.5857839482704874,0.720139072801461,-2.2020523648321477,0.0409407741692882,0.34826242962186715
1594,Q96A00,PPP1R14A,Protein phosphatase 1 regulatory subunit 14A,3,10,10,21.279485470702618,19.007137213849234,-2.272348256853384,-2.2723482568533853,1.035051385607467,-2.1953965652823646,0.041487290710931955,0.34900831546392874
1079,P61604,HSPE1,"10 kDa heat shock protein, mitochondrial",6,10,10,24.85107425769035,24.227808520605095,-0.623265737085255,-0.6232657370852555,0.2840124469674775,-2.194501486607825,0.04156129558196403,0.34900831546392874
1892,Q9Y2D5,AKAP2,A-kinase anchor protein 2,14,10,10,24.799214398777515,24.318985848871215,-0.4802285499063004,-0.48022854990630176,0.2184331239318162,-2.198515230941828,0.0412303842752589,0.34900831546392874
1113,P62333,PSMC6,26S protease regulatory subunit 10B,11,10,10,22.857610598548753,23.34463903317848,0.4870284346297282,0.48702843462972406,0.222741418966714,2.1865194039304585,0.04222662950128829,0.3530864977448149
1838,Q9UFN0,NIPSNAP3A,Protein NipSnap homolog 3A,6,10,10,21.982246943593683,21.003225044169245,-0.9790218994244384,-0.9790218994244447,0.4507299856623728,-2.1720806925807645,0.04345501304092238,0.3618182229890359
1250,Q07960,ARHGAP1,Rho GTPase-activating protein 1,11,10,10,24.938220245485837,25.463566969036155,0.5253467235503173,0.525346723550312,0.242394074742841,2.167324940214232,0.0438667234571513,0.3637051122080266
1650,Q99426,TBCB,Tubulin-folding cofactor B,4,10,10,19.5025942658638,20.551069373932876,1.048475108069077,1.0484751080690724,0.4848110030802418,2.162647096306801,0.04427516963251009,0.36554919465496777
784,P31942,HNRNPH3,Heterogeneous nuclear ribonucleoprotein H3,4,10,10,22.372677781464173,23.09728748759819,0.724609706134018,0.7246097061340171,0.3354503093239567,2.1601104127593302,0.0444981125606167,0.3658526827682502
1360,Q14CZ8,HEPACAM,Hepatocyte cell adhesion molecule,3,10,10,21.40800816789984,20.469630668127774,-0.9383774997720664,-0.9383774997720653,0.43648538851121854,-2.1498485962444702,0.045410514640646785,0.37025585588743126
961,P50897,PPT1,Palmitoyl-protein thioesterase 1,4,10,10,22.11213873538747,22.675553602444133,0.563414867056661,0.5634148670566652,0.26203663227300145,2.1501377962668764,0.04538456878035621,0.37025585588743126
422,P07451,CA3,Carbonic anhydrase 3,11,10,10,25.80109041253696,23.764030887846605,-2.0370595246903562,-2.0370595246903624,0.9532475665322991,-2.136967977899727,0.04657994406085143,0.3705669029988908
191,O75947,ATP5H,"ATP synthase subunit d, mitochondrial",8,10,10,25.258411631159863,24.122908005458957,-1.1355036257009061,-1.1355036257009072,0.5288247239222194,-2.147221138374611,0.04564686119120699,0.3705669029988908
93,O15144,ARPC2,Actin-related protein 2/3 complex subunit 2,10,10,10,22.82489219237736,23.367190985288374,0.5422987929110157,0.5422987929110122,0.25382533040866007,2.136503839226402,0.046622591706607944,0.3705669029988908
295,P01859,IGHG2,Ig gamma-2 chain C region,16,10,10,30.91721821985642,31.426534301798604,0.5093160819421847,0.5093160819421818,0.23856491387888532,2.1349161268565733,0.04676874908077604,0.3705669029988908
65,O00764,PDXK,Pyridoxal kinase,17,10,10,26.817417226753765,26.426152338801682,-0.39126488795208303,-0.391264887952082,0.18309471932634377,-2.1369534271204214,0.04658128052681317,0.3705669029988908
573,P14625,HSP90B1,Endoplasmin,40,10,10,28.0113015263669,28.254818222369487,0.24351669600258674,0.24351669600257925,0.11390455092800963,2.137901374603439,0.04649428613158763,0.3705669029988908
759,P30044,PRDX5,"Peroxiredoxin-5, mitochondrial",10,10,10,27.563506333738257,27.396313534043124,-0.16719279969513323,-0.16719279969513515,0.07814992827533632,-2.139385196952257,0.04635841143022439,0.3705669029988908
472,P09488,GSTM1,Glutathione S-transferase Mu 1,13,10,10,25.056925840497225,23.590070306357724,-1.4668555341395013,-1.4668555341395053,0.6897441506238312,-2.1266661454291778,0.047534953524869736,0.37512523564806843
1042,P59666,DEFA3;DEFA1,Neutrophil defensin 3;HP 3-56;Neutrophil defensin 2;Neutrophil defensin 1;HP 1-56;Neutrophil defensin 2,2,10,10,22.961675862311104,24.052401218770854,1.0907253564597497,1.090725356459748,0.514648944955447,2.119357995680282,0.04822322503095306,0.37903454874329107
6,A0A0A0MS15,IGHV3-49,,2,10,10,22.024897333208322,22.805571827836438,0.7806744946281157,0.7806744946281147,0.36936375524934234,2.1135655124069044,0.04877518783287077,0.38184559399040263
286,P01700,,Ig lambda chain V-I region HA,3,10,10,22.778523880006667,23.777061879119636,0.998537999112969,0.9985379991129749,0.47523439132925205,2.1011484381844063,0.04997782445427103,0.38237619961939173
1406,Q15847,ADIRF,Adipogenesis regulatory factor,5,10,10,27.815242556488194,27.484112759369435,-0.33112979711875923,-0.3311297971187613,0.15714911087114283,-2.107105762693605,0.049397511495145784,0.38237619961939173
1150,P63208,SKP1,S-phase kinase-associated protein 1,6,10,10,24.84431928403758,24.562228346846826,-0.2820909371907554,-0.28209093719075523,0.13371496784936204,-2.109643682587185,0.04915215522176936,0.38237619961939173
