analysis_type,analysis_label,direction,pathway_library,pathway,enrichment_p_value,enrichment_adjusted_p_value,overlap_count,overlap_size,overlap,input_candidate_count,gene_ratio,candidate_genes
primary_fdr,PRIMARY — FDR-supported pathway analysis,increased,GO_Biological_Process_2023,Box C/D snoRNP Assembly (GO:0000492),0.0032620856432475846,0.029219282374811723,1,8,1/8,6,0.16666666666666666,ZNHIT3
primary_fdr,PRIMARY — FDR-supported pathway analysis,increased,GO_Biological_Process_2023,Cell-Matrix Adhesion (GO:0007160),0.043689222907723715,0.05755221886463016,1,109,1/109,6,0.16666666666666666,VTN
primary_fdr,PRIMARY — FDR-supported pathway analysis,increased,GO_Biological_Process_2023,Cellular Response To Cytokine Stimulus (GO:0071345),0.11935267497580923,0.12465723830806741,1,308,1/308,6,0.16666666666666666,STAT5B
primary_fdr,PRIMARY — FDR-supported pathway analysis,increased,GO_Biological_Process_2023,Cellular Response To Epidermal Growth Factor Stimulus (GO:0071364),0.010974015229362423,0.029219282374811723,1,27,1/27,6,0.16666666666666666,STAT5B
primary_fdr,PRIMARY — FDR-supported pathway analysis,increased,GO_Biological_Process_2023,Cellular Response To Growth Factor Stimulus (GO:0071363),0.061643317603202394,0.07153668956421019,1,155,1/155,6,0.16666666666666666,STAT5B
primary_fdr,PRIMARY — FDR-supported pathway analysis,increased,GO_Biological_Process_2023,Cellular Response To Hormone Stimulus (GO:0032870),0.037773103504928095,0.05072388184947487,1,94,1/94,6,0.16666666666666666,STAT5B
primary_fdr,PRIMARY — FDR-supported pathway analysis,increased,GO_Biological_Process_2023,Cellular Response To Organic Substance (GO:0071310),0.03301827691865197,0.04774950815928131,1,82,1/82,6,0.16666666666666666,STAT5B
primary_fdr,PRIMARY — FDR-supported pathway analysis,increased,GO_Biological_Process_2023,Cytokine-Mediated Signaling Pathway (GO:0019221),0.10045456587411679,0.1097991766531044,1,257,1/257,6,0.16666666666666666,STAT5B
primary_fdr,PRIMARY — FDR-supported pathway analysis,increased,GO_Biological_Process_2023,DNA-templated Transcription (GO:0006351),0.07855308178835191,0.0879046391441081,1,199,1/199,6,0.16666666666666666,PRMT5
primary_fdr,PRIMARY — FDR-supported pathway analysis,increased,GO_Biological_Process_2023,DNA-templated Transcription Termination (GO:0006353),0.006515298792229137,0.029219282374811723,1,16,1/16,6,0.16666666666666666,PRMT5
primary_fdr,PRIMARY — FDR-supported pathway analysis,increased,GO_Biological_Process_2023,Endoderm Formation (GO:0001706),0.014206233562346123,0.029219282374811723,1,35,1/35,6,0.16666666666666666,VTN
primary_fdr,PRIMARY — FDR-supported pathway analysis,increased,GO_Biological_Process_2023,Endodermal Cell Differentiation (GO:0035987),0.01259122652624839,0.029219282374811723,1,31,1/31,6,0.16666666666666666,VTN
primary_fdr,PRIMARY — FDR-supported pathway analysis,increased,GO_Biological_Process_2023,Golgi Organization (GO:0007030),0.05192084151120887,0.06338388444225498,1,130,1/130,6,0.16666666666666666,PRMT5
primary_fdr,PRIMARY — FDR-supported pathway analysis,increased,GO_Biological_Process_2023,Golgi Ribbon Formation (GO:0090161),0.0032620856432475846,0.029219282374811723,1,8,1/8,6,0.16666666666666666,PRMT5
primary_fdr,PRIMARY — FDR-supported pathway analysis,increased,GO_Biological_Process_2023,Growth Hormone Receptor Signaling Pathway (GO:0060396),0.006921327550981715,0.029219282374811723,1,17,1/17,6,0.16666666666666666,STAT5B
primary_fdr,PRIMARY — FDR-supported pathway analysis,increased,GO_Biological_Process_2023,Growth Hormone Receptor Signaling Pathway Via JAK-STAT (GO:0060397),0.0028548105488495658,0.029219282374811723,1,7,1/7,6,0.16666666666666666,STAT5B
primary_fdr,PRIMARY — FDR-supported pathway analysis,increased,GO_Biological_Process_2023,Histone Arginine Methylation (GO:0034969),0.0020398443109517243,0.029219282374811723,1,5,1/5,6,0.16666666666666666,PRMT5
primary_fdr,PRIMARY — FDR-supported pathway analysis,increased,GO_Biological_Process_2023,Histone Methylation (GO:0016571),0.003669222104963189,0.029219282374811723,1,9,1/9,6,0.16666666666666666,PRMT5
primary_fdr,PRIMARY — FDR-supported pathway analysis,increased,GO_Biological_Process_2023,Maturation Of LSU-rRNA (GO:0000470),0.008138584218926503,0.029219282374811723,1,20,1/20,6,0.16666666666666666,ZNHIT3
primary_fdr,PRIMARY — FDR-supported pathway analysis,increased,GO_Biological_Process_2023,"Maturation Of LSU-rRNA From Tricistronic rRNA Transcript (SSU-rRNA, 5.8S rRNA, LSU-rRNA) (GO:0000463)",0.005702826244425048,0.029219282374811723,1,14,1/14,6,0.16666666666666666,ZNHIT3
primary_fdr,PRIMARY — FDR-supported pathway analysis,increased,GO_Biological_Process_2023,Microtubule Cytoskeleton Organization Involved In Mitosis (GO:1902850),0.023850120799004282,0.03799203778739911,1,59,1/59,6,0.16666666666666666,DCTN6
primary_fdr,PRIMARY — FDR-supported pathway analysis,increased,GO_Biological_Process_2023,Mitotic Spindle Organization (GO:0007052),0.034208815161758,0.04872164583644321,1,85,1/85,6,0.16666666666666666,DCTN6
primary_fdr,PRIMARY — FDR-supported pathway analysis,increased,GO_Biological_Process_2023,Negative Regulation Of Blood Coagulation (GO:0030195),0.012187130445432454,0.029219282374811723,1,30,1/30,6,0.16666666666666666,VTN
primary_fdr,PRIMARY — FDR-supported pathway analysis,increased,GO_Biological_Process_2023,Negative Regulation Of Coagulation (GO:0050819),0.0048898000715169405,0.029219282374811723,1,12,1/12,6,0.16666666666666666,VTN
primary_fdr,PRIMARY — FDR-supported pathway analysis,increased,GO_Biological_Process_2023,Negative Regulation Of Endopeptidase Activity (GO:0010951),0.026648064438909037,0.04106423044684344,1,66,1/66,6,0.16666666666666666,VTN
primary_fdr,PRIMARY — FDR-supported pathway analysis,increased,GO_Biological_Process_2023,Negative Regulation Of Fibrinolysis (GO:0051918),0.0044830792813554355,0.029219282374811723,1,11,1/11,6,0.16666666666666666,VTN
primary_fdr,PRIMARY — FDR-supported pathway analysis,increased,GO_Biological_Process_2023,Negative Regulation Of Hemostasis (GO:1900047),0.004076219971750377,0.029219282374811723,1,10,1/10,6,0.16666666666666666,VTN
primary_fdr,PRIMARY — FDR-supported pathway analysis,increased,GO_Biological_Process_2023,Negative Regulation Of Peptidase Activity (GO:0010466),0.024250236885573904,0.03799203778739911,1,60,1/60,6,0.16666666666666666,VTN
primary_fdr,PRIMARY — FDR-supported pathway analysis,increased,GO_Biological_Process_2023,Negative Regulation Of Wound Healing (GO:0061045),0.01137852483458559,0.029219282374811723,1,28,1/28,6,0.16666666666666666,VTN
primary_fdr,PRIMARY — FDR-supported pathway analysis,increased,GO_Biological_Process_2023,Peptidyl-Arginine Modification (GO:0018195),0.002447396784007421,0.029219282374811723,1,6,1/6,6,0.16666666666666666,PRMT5
primary_fdr,PRIMARY — FDR-supported pathway analysis,increased,GO_Biological_Process_2023,Positive Regulation Of Binding (GO:0051099),0.03658622745200291,0.05057507912482755,1,91,1/91,6,0.16666666666666666,VTN
primary_fdr,PRIMARY — FDR-supported pathway analysis,increased,GO_Biological_Process_2023,Positive Regulation Of Blood Coagulation (GO:0030194),0.00854406003106021,0.029219282374811723,1,21,1/21,6,0.16666666666666666,VTN
primary_fdr,PRIMARY — FDR-supported pathway analysis,increased,GO_Biological_Process_2023,Positive Regulation Of Cell Migration (GO:0030335),0.10604757698582995,0.11327809359850018,1,272,1/272,6,0.16666666666666666,VTN
primary_fdr,PRIMARY — FDR-supported pathway analysis,increased,GO_Biological_Process_2023,Positive Regulation Of DNA-templated Transcription (GO:0045893),0.411569177801742,0.411569177801742,1,1243,1/1243,6,0.16666666666666666,STAT5B
primary_fdr,PRIMARY — FDR-supported pathway analysis,increased,GO_Biological_Process_2023,Positive Regulation Of Endocytosis (GO:0045807),0.0318265159386692,0.04748718251166515,1,79,1/79,6,0.16666666666666666,VTN
primary_fdr,PRIMARY — FDR-supported pathway analysis,increased,GO_Biological_Process_2023,Positive Regulation Of Erythrocyte Differentiation (GO:0045648),0.010569367707465128,0.029219282374811723,1,26,1/26,6,0.16666666666666666,STAT5B
primary_fdr,PRIMARY — FDR-supported pathway analysis,increased,GO_Biological_Process_2023,Positive Regulation Of G Protein-Coupled Receptor Signaling Pathway (GO:0045745),0.007327218016560334,0.029219282374811723,1,18,1/18,6,0.16666666666666666,PRMT5
primary_fdr,PRIMARY — FDR-supported pathway analysis,increased,GO_Biological_Process_2023,Positive Regulation Of Myeloid Cell Differentiation (GO:0045639),0.014609641187405861,0.029219282374811723,1,36,1/36,6,0.16666666666666666,STAT5B
primary_fdr,PRIMARY — FDR-supported pathway analysis,increased,GO_Biological_Process_2023,Positive Regulation Of Peptidyl-Tyrosine Phosphorylation (GO:0050731),0.05192084151120887,0.06338388444225498,1,130,1/130,6,0.16666666666666666,VTN
primary_fdr,PRIMARY — FDR-supported pathway analysis,increased,GO_Biological_Process_2023,Positive Regulation Of Protein Binding (GO:0032092),0.023850120799004282,0.03799203778739911,1,59,1/59,6,0.16666666666666666,VTN
primary_fdr,PRIMARY — FDR-supported pathway analysis,increased,GO_Biological_Process_2023,Positive Regulation Of Protein Phosphorylation (GO:0001934),0.14439311526135973,0.14915332785239357,1,377,1/377,6,0.16666666666666666,VTN
primary_fdr,PRIMARY — FDR-supported pathway analysis,increased,GO_Biological_Process_2023,Positive Regulation Of RNA Splicing (GO:0033120),0.014609641187405861,0.029219282374811723,1,36,1/36,6,0.16666666666666666,PRMT5
primary_fdr,PRIMARY — FDR-supported pathway analysis,increased,GO_Biological_Process_2023,Positive Regulation Of Receptor-Mediated Endocytosis (GO:0048260),0.01742964446694318,0.03150743422870498,1,43,1/43,6,0.16666666666666666,VTN
primary_fdr,PRIMARY — FDR-supported pathway analysis,increased,GO_Biological_Process_2023,Positive Regulation Of Response To External Stimulus (GO:0032103),0.061643317603202394,0.07153668956421019,1,155,1/155,6,0.16666666666666666,VTN
primary_fdr,PRIMARY — FDR-supported pathway analysis,increased,GO_Biological_Process_2023,Positive Regulation Of Response To Wounding (GO:1903036),0.010974015229362423,0.029219282374811723,1,27,1/27,6,0.16666666666666666,VTN
primary_fdr,PRIMARY — FDR-supported pathway analysis,increased,GO_Biological_Process_2023,Positive Regulation Of Signal Transduction (GO:0009967),0.103813860420054,0.11216669976419628,1,266,1/266,6,0.16666666666666666,VTN
primary_fdr,PRIMARY — FDR-supported pathway analysis,increased,GO_Biological_Process_2023,Positive Regulation Of Smooth Muscle Cell Migration (GO:0014911),0.006515298792229137,0.029219282374811723,1,16,1/16,6,0.16666666666666666,VTN
primary_fdr,PRIMARY — FDR-supported pathway analysis,increased,GO_Biological_Process_2023,Positive Regulation Of Transcription By RNA Polymerase II (GO:0045944),0.3268391761511096,0.3303535758946699,1,938,1/938,6,0.16666666666666666,STAT5B
primary_fdr,PRIMARY — FDR-supported pathway analysis,increased,GO_Biological_Process_2023,Positive Regulation Of Vascular Endothelial Growth Factor Receptor Signaling Pathway (GO:0030949),0.003669222104963189,0.029219282374811723,1,9,1/9,6,0.16666666666666666,VTN
primary_fdr,PRIMARY — FDR-supported pathway analysis,increased,GO_Biological_Process_2023,Positive Regulation Of Wound Healing (GO:0090303),0.016221896278170608,0.029899181375451712,1,40,1/40,6,0.16666666666666666,VTN
primary_fdr,PRIMARY — FDR-supported pathway analysis,increased,GO_Biological_Process_2023,Positive Regulation Of mRNA Processing (GO:0050685),0.01137852483458559,0.029219282374811723,1,28,1/28,6,0.16666666666666666,PRMT5
primary_fdr,PRIMARY — FDR-supported pathway analysis,increased,GO_Biological_Process_2023,"Positive Regulation Of mRNA Splicing, Via Spliceosome (GO:0048026)",0.00935459726553651,0.029219282374811723,1,23,1/23,6,0.16666666666666666,PRMT5
primary_fdr,PRIMARY — FDR-supported pathway analysis,increased,GO_Biological_Process_2023,Protein Methylation (GO:0006479),0.014206233562346123,0.029219282374811723,1,35,1/35,6,0.16666666666666666,PRMT5
primary_fdr,PRIMARY — FDR-supported pathway analysis,increased,GO_Biological_Process_2023,RNA Biosynthetic Process (GO:0032774),0.01178289656074228,0.029219282374811723,1,29,1/29,6,0.16666666666666666,PRMT5
primary_fdr,PRIMARY — FDR-supported pathway analysis,increased,GO_Biological_Process_2023,"RNA Splicing, Via Transesterification Reactions With Bulged Adenosine As Nucleophile (GO:0000377)",0.07128256528970776,0.08111710346305692,1,180,1/180,6,0.16666666666666666,SRRM2
primary_fdr,PRIMARY — FDR-supported pathway analysis,increased,GO_Biological_Process_2023,Receptor Signaling Pathway Via JAK-STAT (GO:0007259),0.014609641187405861,0.029219282374811723,1,36,1/36,6,0.16666666666666666,STAT5B
primary_fdr,PRIMARY — FDR-supported pathway analysis,increased,GO_Biological_Process_2023,Receptor Signaling Pathway Via STAT (GO:0097696),0.01259122652624839,0.029219282374811723,1,31,1/31,6,0.16666666666666666,STAT5B
primary_fdr,PRIMARY — FDR-supported pathway analysis,increased,GO_Biological_Process_2023,Regulation Of Blood Coagulation (GO:0030193),0.01178289656074228,0.029219282374811723,1,29,1/29,6,0.16666666666666666,VTN
primary_fdr,PRIMARY — FDR-supported pathway analysis,increased,GO_Biological_Process_2023,Regulation Of Cell Adhesion (GO:0030155),0.05737571573262356,0.06914509331880275,1,144,1/144,6,0.16666666666666666,VTN
primary_fdr,PRIMARY — FDR-supported pathway analysis,increased,GO_Biological_Process_2023,Regulation Of Cell Cycle Process (GO:0010564),0.05192084151120887,0.06338388444225498,1,130,1/130,6,0.16666666666666666,PRMT5
primary_fdr,PRIMARY — FDR-supported pathway analysis,increased,GO_Biological_Process_2023,Regulation Of Cell Population Proliferation (GO:0042127),0.2747341813258004,0.2807066635285352,1,766,1/766,6,0.16666666666666666,STAT5B
primary_fdr,PRIMARY — FDR-supported pathway analysis,increased,GO_Biological_Process_2023,Regulation Of DNA-templated Transcription (GO:0006355),0.032864941122609924,0.04774950815928131,3,1922,3/1922,6,0.5,PRMT5;STAT5B;ZNHIT3
primary_fdr,PRIMARY — FDR-supported pathway analysis,increased,GO_Biological_Process_2023,Regulation Of Developmental Growth (GO:0048638),0.01178289656074228,0.029219282374811723,1,29,1/29,6,0.16666666666666666,STAT5B
primary_fdr,PRIMARY — FDR-supported pathway analysis,increased,GO_Biological_Process_2023,Regulation Of Endopeptidase Activity (GO:0052548),0.027845135560151422,0.042216818429906995,1,69,1/69,6,0.16666666666666666,VTN
primary_fdr,PRIMARY — FDR-supported pathway analysis,increased,GO_Biological_Process_2023,Regulation Of Erythrocyte Differentiation (GO:0045646),0.014609641187405861,0.029219282374811723,1,36,1/36,6,0.16666666666666666,STAT5B
primary_fdr,PRIMARY — FDR-supported pathway analysis,increased,GO_Biological_Process_2023,Regulation Of Fibrinolysis (GO:0051917),0.006515298792229137,0.029219282374811723,1,16,1/16,6,0.16666666666666666,VTN
primary_fdr,PRIMARY — FDR-supported pathway analysis,increased,GO_Biological_Process_2023,Regulation Of Gene Expression (GO:0010468),0.0716246764620609,0.08111710346305692,2,1127,2/1127,6,0.3333333333333333,PRMT5;ZNHIT3
primary_fdr,PRIMARY — FDR-supported pathway analysis,increased,GO_Biological_Process_2023,Regulation Of Intracellular Signal Transduction (GO:1902531),0.11530485653354572,0.12178265746239661,1,297,1/297,6,0.16666666666666666,PRMT5
primary_fdr,PRIMARY — FDR-supported pathway analysis,increased,GO_Biological_Process_2023,Regulation Of Mitotic Cell Cycle (GO:0007346),0.04996630843243027,0.06338388444225498,1,125,1/125,6,0.16666666666666666,PRMT5
primary_fdr,PRIMARY — FDR-supported pathway analysis,increased,GO_Biological_Process_2023,Regulation Of Mitotic Nuclear Division (GO:0007088),0.02264895208757452,0.03799203778739911,1,56,1/56,6,0.16666666666666666,PRMT5
primary_fdr,PRIMARY — FDR-supported pathway analysis,increased,GO_Biological_Process_2023,Regulation Of Multicellular Organism Growth (GO:0040014),0.00610913170261026,0.029219282374811723,1,15,1/15,6,0.16666666666666666,STAT5B
primary_fdr,PRIMARY — FDR-supported pathway analysis,increased,GO_Biological_Process_2023,Regulation Of Nuclear Division (GO:0051783),0.00773297022664962,0.029219282374811723,1,19,1/19,6,0.16666666666666666,PRMT5
primary_fdr,PRIMARY — FDR-supported pathway analysis,increased,GO_Biological_Process_2023,Regulation Of Nucleic Acid-Templated Transcription (GO:1903506),0.01304024758635315,0.029219282374811723,2,452,2/452,6,0.3333333333333333,PRMT5;ZNHIT3
primary_fdr,PRIMARY — FDR-supported pathway analysis,increased,GO_Biological_Process_2023,Regulation Of Peptidyl-Tyrosine Phosphorylation (GO:0050730),0.03619033110002099,0.05057507912482755,1,90,1/90,6,0.16666666666666666,VTN
primary_fdr,PRIMARY — FDR-supported pathway analysis,increased,GO_Biological_Process_2023,Regulation Of Protein Binding (GO:0043393),0.047224321852983815,0.060809400742198344,1,118,1/118,6,0.16666666666666666,VTN
primary_fdr,PRIMARY — FDR-supported pathway analysis,increased,GO_Biological_Process_2023,Regulation Of Receptor-Mediated Endocytosis (GO:0048259),0.01581903874183898,0.029739792834657282,1,39,1/39,6,0.16666666666666666,VTN
primary_fdr,PRIMARY — FDR-supported pathway analysis,increased,GO_Biological_Process_2023,Regulation Of Signal Transduction By P53 Class Mediator (GO:1901796),0.019038053137908715,0.0331403147215448,1,47,1/47,6,0.16666666666666666,PRMT5
primary_fdr,PRIMARY — FDR-supported pathway analysis,increased,GO_Biological_Process_2023,Regulation Of Smooth Muscle Cell Migration (GO:0014910),0.00773297022664962,0.029219282374811723,1,19,1/19,6,0.16666666666666666,VTN
primary_fdr,PRIMARY — FDR-supported pathway analysis,increased,GO_Biological_Process_2023,Regulation Of Vascular Endothelial Growth Factor Receptor Signaling Pathway (GO:0030947),0.008949397700712269,0.029219282374811723,1,22,1/22,6,0.16666666666666666,VTN
primary_fdr,PRIMARY — FDR-supported pathway analysis,increased,GO_Biological_Process_2023,Regulation Of Wound Healing (GO:0061041),0.019038053137908715,0.0331403147215448,1,47,1/47,6,0.16666666666666666,VTN
primary_fdr,PRIMARY — FDR-supported pathway analysis,increased,GO_Biological_Process_2023,"Regulation Of mRNA Splicing, Via Spliceosome (GO:0048024)",0.037773103504928095,0.05072388184947487,1,94,1/94,6,0.16666666666666666,PRMT5
primary_fdr,PRIMARY — FDR-supported pathway analysis,increased,GO_Biological_Process_2023,Response To Epidermal Growth Factor (GO:0070849),0.012187130445432454,0.029219282374811723,1,30,1/30,6,0.16666666666666666,STAT5B
primary_fdr,PRIMARY — FDR-supported pathway analysis,increased,GO_Biological_Process_2023,Response To Estradiol (GO:0032355),0.01259122652624839,0.029219282374811723,1,31,1/31,6,0.16666666666666666,STAT5B
primary_fdr,PRIMARY — FDR-supported pathway analysis,increased,GO_Biological_Process_2023,Response To Lipid (GO:0033993),0.04408255061971672,0.05755221886463016,1,110,1/110,6,0.16666666666666666,STAT5B
primary_fdr,PRIMARY — FDR-supported pathway analysis,increased,GO_Biological_Process_2023,Response To Organic Cyclic Compound (GO:0014070),0.023449867995395595,0.03799203778739911,1,58,1/58,6,0.16666666666666666,STAT5B
primary_fdr,PRIMARY — FDR-supported pathway analysis,increased,GO_Biological_Process_2023,Response To Peptide (GO:1901652),0.01541604373961767,0.029573634929062467,1,38,1/38,6,0.16666666666666666,STAT5B
primary_fdr,PRIMARY — FDR-supported pathway analysis,increased,GO_Biological_Process_2023,Response To Peptide Hormone (GO:0043434),0.02224828890859976,0.03799203778739911,1,55,1/55,6,0.16666666666666666,STAT5B
primary_fdr,PRIMARY — FDR-supported pathway analysis,increased,GO_Biological_Process_2023,Small Nucleolar Ribonucleoprotein Complex Assembly (GO:0000491),0.004076219971750377,0.029219282374811723,1,10,1/10,6,0.16666666666666666,ZNHIT3
primary_fdr,PRIMARY — FDR-supported pathway analysis,increased,GO_Biological_Process_2023,Spliceosomal snRNP Assembly (GO:0000387),0.015012911233983557,0.02940028449988447,1,37,1/37,6,0.16666666666666666,PRMT5
primary_fdr,PRIMARY — FDR-supported pathway analysis,increased,GO_Biological_Process_2023,Taurine Metabolic Process (GO:0019530),0.0028548105488495658,0.029219282374811723,1,7,1/7,6,0.16666666666666666,STAT5B
primary_fdr,PRIMARY — FDR-supported pathway analysis,increased,GO_Biological_Process_2023,mRNA Processing (GO:0006397),0.08425940294116499,0.09318098678199423,1,214,1/214,6,0.16666666666666666,SRRM2
primary_fdr,PRIMARY — FDR-supported pathway analysis,increased,GO_Biological_Process_2023,"mRNA Splicing, Via Spliceosome (GO:0000398)",0.0029624009413051103,0.029219282374811723,2,211,2/211,6,0.3333333333333333,PRMT5;SRRM2
primary_fdr,PRIMARY — FDR-supported pathway analysis,increased,GO_Biological_Process_2023,protein-RNA Complex Assembly (GO:0022618),0.05970549897967816,0.07104198612771831,1,150,1/150,6,0.16666666666666666,PRMT5
primary_fdr,PRIMARY — FDR-supported pathway analysis,increased,GO_Biological_Process_2023,snoRNA Localization (GO:0048254),0.0020398443109517243,0.029219282374811723,1,5,1/5,6,0.16666666666666666,ZNHIT3
primary_fdr,PRIMARY — FDR-supported pathway analysis,increased,Reactome_2022,Adaptive Immune System R-HSA-1280218,0.30394773487332194,0.3368851068771089,1,733,1/733,6,0.16666666666666666,DCTN6
primary_fdr,PRIMARY — FDR-supported pathway analysis,increased,Reactome_2022,Asparagine N-linked Glycosylation R-HSA-446203,0.12742456649371467,0.16838246286669437,1,282,1/282,6,0.16666666666666666,DCTN6
primary_fdr,PRIMARY — FDR-supported pathway analysis,increased,Reactome_2022,COPI-independent Golgi-to-ER Retrograde Traffic R-HSA-6811436,0.01610730016240143,0.044978903640269484,1,34,1/34,6,0.16666666666666666,DCTN6
primary_fdr,PRIMARY — FDR-supported pathway analysis,increased,Reactome_2022,COPI-mediated Anterograde Transport R-HSA-6807878,0.03756847394603754,0.06318334254560859,1,80,1/80,6,0.16666666666666666,DCTN6
primary_fdr,PRIMARY — FDR-supported pathway analysis,increased,Reactome_2022,Cellular Responses To Stimuli R-HSA-8953897,0.3050175967671121,0.3368851068771089,1,736,1/736,6,0.16666666666666666,DCTN6
primary_fdr,PRIMARY — FDR-supported pathway analysis,increased,Reactome_2022,Cellular Responses To Stress R-HSA-2262752,0.3000136296604099,0.3368851068771089,1,722,1/722,6,0.16666666666666666,DCTN6
primary_fdr,PRIMARY — FDR-supported pathway analysis,increased,Reactome_2022,Chromatin Modifying Enzymes R-HSA-3247509,0.10844874462013376,0.14825205559183807,1,238,1/238,6,0.16666666666666666,PRMT5
primary_fdr,PRIMARY — FDR-supported pathway analysis,increased,Reactome_2022,Complement Cascade R-HSA-166658,0.025951773556813856,0.04801078108010563,1,55,1/55,6,0.16666666666666666,VTN
primary_fdr,PRIMARY — FDR-supported pathway analysis,increased,Reactome_2022,Cytokine Signaling In Immune System R-HSA-1280215,0.29281514659651037,0.3368851068771089,1,702,1/702,6,0.16666666666666666,STAT5B
primary_fdr,PRIMARY — FDR-supported pathway analysis,increased,Reactome_2022,Disease R-HSA-1643685,0.5954325020287423,0.6035891116455744,1,1736,1/1736,6,0.16666666666666666,STAT5B
primary_fdr,PRIMARY — FDR-supported pathway analysis,increased,Reactome_2022,Diseases Of Signal Transduction By Growth Factor Receptors And Second Messengers R-HSA-5663202,0.1864723909653256,0.2338806259565101,1,424,1/424,6,0.16666666666666666,STAT5B
primary_fdr,PRIMARY — FDR-supported pathway analysis,increased,Reactome_2022,Downstream Signal Transduction R-HSA-186763,0.01328002410248803,0.042100585134679964,1,28,1/28,6,0.16666666666666666,STAT5B
primary_fdr,PRIMARY — FDR-supported pathway analysis,increased,Reactome_2022,ECM Proteoglycans R-HSA-3000178,0.025951773556813856,0.04801078108010563,1,55,1/55,6,0.16666666666666666,VTN
primary_fdr,PRIMARY — FDR-supported pathway analysis,increased,Reactome_2022,ER To Golgi Anterograde Transport R-HSA-199977,0.06182943548806152,0.0953203797107615,1,133,1/133,6,0.16666666666666666,DCTN6
primary_fdr,PRIMARY — FDR-supported pathway analysis,increased,Reactome_2022,Elastic Fibre Formation R-HSA-1566948,0.018458409577051554,0.044978903640269484,1,39,1/39,6,0.16666666666666666,VTN
primary_fdr,PRIMARY — FDR-supported pathway analysis,increased,Reactome_2022,Erythropoietin Activates STAT5 R-HSA-9027283,0.0033333304259963877,0.042100585134679964,1,7,1/7,6,0.16666666666666666,STAT5B
primary_fdr,PRIMARY — FDR-supported pathway analysis,increased,Reactome_2022,Extracellular Matrix Organization R-HSA-1474244,0.13126587291604472,0.17041534378574227,1,291,1/291,6,0.16666666666666666,VTN
primary_fdr,PRIMARY — FDR-supported pathway analysis,increased,Reactome_2022,FGFR1 Mutant Receptor Activation R-HSA-1839124,0.014223170653608095,0.042100585134679964,1,30,1/30,6,0.16666666666666666,STAT5B
primary_fdr,PRIMARY — FDR-supported pathway analysis,increased,Reactome_2022,FLT3 Signaling In Disease R-HSA-9682385,0.012808180196645688,0.042100585134679964,1,27,1/27,6,0.16666666666666666,STAT5B
primary_fdr,PRIMARY — FDR-supported pathway analysis,increased,Reactome_2022,FLT3 Signaling R-HSA-9607240,0.017518505778864404,0.044978903640269484,1,37,1/37,6,0.16666666666666666,STAT5B
primary_fdr,PRIMARY — FDR-supported pathway analysis,increased,Reactome_2022,Gene Expression (Transcription) R-HSA-74160,0.5245858128291946,0.5391576409633388,1,1449,1/1449,6,0.16666666666666666,PRMT5
primary_fdr,PRIMARY — FDR-supported pathway analysis,increased,Reactome_2022,Generic Transcription Pathway R-HSA-212436,0.4524405192708123,0.48522606414550884,1,1190,1/1190,6,0.16666666666666666,PRMT5
primary_fdr,PRIMARY — FDR-supported pathway analysis,increased,Reactome_2022,Golgi-to-ER Retrograde Transport R-HSA-8856688,0.05227584242755727,0.08230664552423911,1,112,1/112,6,0.16666666666666666,DCTN6
primary_fdr,PRIMARY — FDR-supported pathway analysis,increased,Reactome_2022,Growth Hormone Receptor Signaling R-HSA-982772,0.011391565336773135,0.042100585134679964,1,24,1/24,6,0.16666666666666666,STAT5B
primary_fdr,PRIMARY — FDR-supported pathway analysis,increased,Reactome_2022,HSP90 Chaperone Cycle For Steroid Hormone Receptors (SHR) In Presence Of Ligand R-HSA-3371497,0.01798854763812243,0.044978903640269484,1,38,1/38,6,0.16666666666666666,DCTN6
primary_fdr,PRIMARY — FDR-supported pathway analysis,increased,Reactome_2022,Immune System R-HSA-168256,0.04718222276166059,0.07758854409695297,3,1943,3/1943,6,0.5,DCTN6;VTN;STAT5B
primary_fdr,PRIMARY — FDR-supported pathway analysis,increased,Reactome_2022,Inactivation Of CSF3 (G-CSF) Signaling R-HSA-9705462,0.011863950865568634,0.042100585134679964,1,25,1/25,6,0.16666666666666666,STAT5B
primary_fdr,PRIMARY — FDR-supported pathway analysis,increased,Reactome_2022,Innate Immune System R-HSA-168249,0.4052430243700873,0.44099976181450673,1,1035,1/1035,6,0.16666666666666666,VTN
primary_fdr,PRIMARY — FDR-supported pathway analysis,increased,Reactome_2022,Integrin Cell Surface Interactions R-HSA-216083,0.03107686056269387,0.05475446861046063,1,66,1/66,6,0.16666666666666666,VTN
primary_fdr,PRIMARY — FDR-supported pathway analysis,increased,Reactome_2022,Interleukin-15 Signaling R-HSA-8983432,0.006657766046807153,0.042100585134679964,1,14,1/14,6,0.16666666666666666,STAT5B
primary_fdr,PRIMARY — FDR-supported pathway analysis,increased,Reactome_2022,Interleukin-2 Family Signaling R-HSA-451927,0.02080502227440252,0.044978903640269484,1,44,1/44,6,0.16666666666666666,STAT5B
primary_fdr,PRIMARY — FDR-supported pathway analysis,increased,Reactome_2022,Interleukin-2 Signaling R-HSA-9020558,0.0057088338920605886,0.042100585134679964,1,12,1/12,6,0.16666666666666666,STAT5B
primary_fdr,PRIMARY — FDR-supported pathway analysis,increased,Reactome_2022,Interleukin-20 Family Signaling R-HSA-8854691,0.012336155801597705,0.042100585134679964,1,26,1/26,6,0.16666666666666666,STAT5B
primary_fdr,PRIMARY — FDR-supported pathway analysis,increased,Reactome_2022,Interleukin-21 Signaling R-HSA-9020958,0.004759176669794783,0.042100585134679964,1,10,1/10,6,0.16666666666666666,STAT5B
primary_fdr,PRIMARY — FDR-supported pathway analysis,increased,Reactome_2022,"Interleukin-3, Interleukin-5 And GM-CSF Signaling R-HSA-512988",0.02080502227440252,0.044978903640269484,1,44,1/44,6,0.16666666666666666,STAT5B
primary_fdr,PRIMARY — FDR-supported pathway analysis,increased,Reactome_2022,Interleukin-7 Signaling R-HSA-1266695,0.011863950865568634,0.042100585134679964,1,25,1/25,6,0.16666666666666666,STAT5B
primary_fdr,PRIMARY — FDR-supported pathway analysis,increased,Reactome_2022,Interleukin-9 Signaling R-HSA-8985947,0.004284076028525829,0.042100585134679964,1,9,1/9,6,0.16666666666666666,STAT5B
primary_fdr,PRIMARY — FDR-supported pathway analysis,increased,Reactome_2022,Intra-Golgi And Retrograde Golgi-to-ER Traffic R-HSA-6811442,0.08337707897907388,0.11865199700868206,1,181,1/181,6,0.16666666666666666,DCTN6
primary_fdr,PRIMARY — FDR-supported pathway analysis,increased,Reactome_2022,MHC Class II Antigen Presentation R-HSA-2132295,0.04861597354667385,0.0782083052707362,1,104,1/104,6,0.16666666666666666,DCTN6
primary_fdr,PRIMARY — FDR-supported pathway analysis,increased,Reactome_2022,Membrane Trafficking R-HSA-199991,0.2547990473348279,0.30411499198027847,1,599,1/599,6,0.16666666666666666,DCTN6
primary_fdr,PRIMARY — FDR-supported pathway analysis,increased,Reactome_2022,Metabolism Of Non-Coding RNA R-HSA-194441,0.02455026552350943,0.04780841180893942,1,52,1/52,6,0.16666666666666666,PRMT5
primary_fdr,PRIMARY — FDR-supported pathway analysis,increased,Reactome_2022,Metabolism Of Proteins R-HSA-392499,0.6298031171456696,0.6298031171456696,1,1890,1/1890,6,0.16666666666666666,DCTN6
primary_fdr,PRIMARY — FDR-supported pathway analysis,increased,Reactome_2022,Metabolism Of RNA R-HSA-8953854,0.03540537645667189,0.06093018273938884,2,666,2/666,6,0.3333333333333333,PRMT5;SRRM2
primary_fdr,PRIMARY — FDR-supported pathway analysis,increased,Reactome_2022,Molecules Associated With Elastic Fibres R-HSA-2129379,0.01328002410248803,0.042100585134679964,1,28,1/28,6,0.16666666666666666,VTN
primary_fdr,PRIMARY — FDR-supported pathway analysis,increased,Reactome_2022,Non-integrin membrane-ECM Interactions R-HSA-3000171,0.019397593900540067,0.044978903640269484,1,41,1/41,6,0.16666666666666666,VTN
primary_fdr,PRIMARY — FDR-supported pathway analysis,increased,Reactome_2022,Post-translational Protein Modification R-HSA-597592,0.5069698930809164,0.5283911561688425,1,1383,1/1383,6,0.16666666666666666,DCTN6
primary_fdr,PRIMARY — FDR-supported pathway analysis,increased,Reactome_2022,Processing Of Capped Intron-Containing Pre-mRNA R-HSA-72203,0.11018733861555531,0.14825205559183807,1,242,1/242,6,0.16666666666666666,SRRM2
primary_fdr,PRIMARY — FDR-supported pathway analysis,increased,Reactome_2022,Prolactin Receptor Signaling R-HSA-1170546,0.007131960353639881,0.042100585134679964,1,15,1/15,6,0.16666666666666666,STAT5B
primary_fdr,PRIMARY — FDR-supported pathway analysis,increased,Reactome_2022,RMTs Methylate Histone Arginines R-HSA-3214858,0.02314714470783591,0.047580241899440476,1,49,1/49,6,0.16666666666666666,PRMT5
primary_fdr,PRIMARY — FDR-supported pathway analysis,increased,Reactome_2022,RNA Polymerase II Transcription R-HSA-73857,0.4874403598999359,0.5152940947513608,1,1312,1/1312,6,0.16666666666666666,PRMT5
primary_fdr,PRIMARY — FDR-supported pathway analysis,increased,Reactome_2022,Regulation Of Complement Cascade R-HSA-977606,0.021273805775803133,0.044978903640269484,1,45,1/45,6,0.16666666666666666,VTN
primary_fdr,PRIMARY — FDR-supported pathway analysis,increased,Reactome_2022,Regulation Of TP53 Activity R-HSA-5633007,0.07265332396443056,0.10972134639526247,1,157,1/157,6,0.16666666666666666,PRMT5
primary_fdr,PRIMARY — FDR-supported pathway analysis,increased,Reactome_2022,Regulation Of TP53 Activity Thru Methylation R-HSA-6804760,0.009026926988118831,0.042100585134679964,1,19,1/19,6,0.16666666666666666,PRMT5
primary_fdr,PRIMARY — FDR-supported pathway analysis,increased,Reactome_2022,STAT5 Activation Downstream Of FLT3 ITD Mutants R-HSA-9702518,0.004759176669794783,0.042100585134679964,1,10,1/10,6,0.16666666666666666,STAT5B
primary_fdr,PRIMARY — FDR-supported pathway analysis,increased,Reactome_2022,STAT5 Activation R-HSA-9645135,0.0033333304259963877,0.042100585134679964,1,7,1/7,6,0.16666666666666666,STAT5B
primary_fdr,PRIMARY — FDR-supported pathway analysis,increased,Reactome_2022,Signaling By CSF3 (G-CSF) R-HSA-9674555,0.014223170653608095,0.042100585134679964,1,30,1/30,6,0.16666666666666666,STAT5B
primary_fdr,PRIMARY — FDR-supported pathway analysis,increased,Reactome_2022,Signaling By Cytosolic FGFR1 Fusion Mutants R-HSA-1839117,0.008079805685695798,0.042100585134679964,1,17,1/17,6,0.16666666666666666,STAT5B
primary_fdr,PRIMARY — FDR-supported pathway analysis,increased,Reactome_2022,Signaling By Erythropoietin R-HSA-9006335,0.011391565336773135,0.042100585134679964,1,24,1/24,6,0.16666666666666666,STAT5B
primary_fdr,PRIMARY — FDR-supported pathway analysis,increased,Reactome_2022,Signaling By FGFR In Disease R-HSA-1226099,0.028749956838432365,0.051890166001073046,1,61,1/61,6,0.16666666666666666,STAT5B
primary_fdr,PRIMARY — FDR-supported pathway analysis,increased,Reactome_2022,Signaling By FGFR1 In Disease R-HSA-5655302,0.017048283947610866,0.044978903640269484,1,36,1/36,6,0.16666666666666666,STAT5B
primary_fdr,PRIMARY — FDR-supported pathway analysis,increased,Reactome_2022,Signaling By FLT3 Fusion Proteins R-HSA-9703465,0.008553456814677894,0.042100585134679964,1,18,1/18,6,0.16666666666666666,STAT5B
primary_fdr,PRIMARY — FDR-supported pathway analysis,increased,Reactome_2022,Signaling By FLT3 ITD And TKD Mutants R-HSA-9703648,0.007131960353639881,0.042100585134679964,1,15,1/15,6,0.16666666666666666,STAT5B
primary_fdr,PRIMARY — FDR-supported pathway analysis,increased,Reactome_2022,Signaling By Interleukins R-HSA-449147,0.19812847341111745,0.24435845054037816,1,453,1/453,6,0.16666666666666666,STAT5B
primary_fdr,PRIMARY — FDR-supported pathway analysis,increased,Reactome_2022,Signaling By KIT In Disease R-HSA-9669938,0.009026926988118831,0.042100585134679964,1,19,1/19,6,0.16666666666666666,STAT5B
primary_fdr,PRIMARY — FDR-supported pathway analysis,increased,Reactome_2022,Signaling By Leptin R-HSA-2586552,0.005234095940328381,0.042100585134679964,1,11,1/11,6,0.16666666666666666,STAT5B
primary_fdr,PRIMARY — FDR-supported pathway analysis,increased,Reactome_2022,Signaling By PDGF R-HSA-186797,0.02455026552350943,0.04780841180893942,1,52,1/52,6,0.16666666666666666,STAT5B
primary_fdr,PRIMARY — FDR-supported pathway analysis,increased,Reactome_2022,Signaling By Receptor Tyrosine Kinases R-HSA-9006934,0.21516534352308217,0.2610202527984931,1,496,1/496,6,0.16666666666666666,STAT5B
primary_fdr,PRIMARY — FDR-supported pathway analysis,increased,Reactome_2022,Signaling By SCF-KIT R-HSA-1433557,0.019866916388383216,0.044978903640269484,1,42,1/42,6,0.16666666666666666,STAT5B
primary_fdr,PRIMARY — FDR-supported pathway analysis,increased,Reactome_2022,Syndecan Interactions R-HSA-3000170,0.009500216257873288,0.042100585134679964,1,20,1/20,6,0.16666666666666666,VTN
primary_fdr,PRIMARY — FDR-supported pathway analysis,increased,Reactome_2022,Transcriptional Regulation By TP53 R-HSA-3700989,0.1577778919878638,0.20130282770865382,1,354,1/354,6,0.16666666666666666,PRMT5
primary_fdr,PRIMARY — FDR-supported pathway analysis,increased,Reactome_2022,Transport To Golgi And Subsequent Modification R-HSA-948021,0.07579139845784713,0.11217126971761375,1,164,1/164,6,0.16666666666666666,DCTN6
primary_fdr,PRIMARY — FDR-supported pathway analysis,increased,Reactome_2022,Vesicle-mediated Transport R-HSA-5653656,0.2690100304600884,0.3159800357785166,1,637,1/637,6,0.16666666666666666,DCTN6
primary_fdr,PRIMARY — FDR-supported pathway analysis,increased,Reactome_2022,mRNA Splicing - Major Pathway R-HSA-72163,0.08337707897907388,0.11865199700868206,1,181,1/181,6,0.16666666666666666,SRRM2
primary_fdr,PRIMARY — FDR-supported pathway analysis,increased,Reactome_2022,mRNA Splicing R-HSA-72172,0.08692953255797763,0.12137330960925177,1,189,1/189,6,0.16666666666666666,SRRM2
primary_fdr,PRIMARY — FDR-supported pathway analysis,increased,KEGG_2021_Human,AGE-RAGE signaling pathway in diabetic complications,0.04861414952856726,0.13961223461973837,1,100,1/100,6,0.16666666666666666,STAT5B
primary_fdr,PRIMARY — FDR-supported pathway analysis,increased,KEGG_2021_Human,Acute myeloid leukemia,0.03277206087488506,0.13961223461973837,1,67,1/67,6,0.16666666666666666,STAT5B
primary_fdr,PRIMARY — FDR-supported pathway analysis,increased,KEGG_2021_Human,Amyotrophic lateral sclerosis,0.1684508634791901,0.18048306801341799,1,364,1/364,6,0.16666666666666666,DCTN6
primary_fdr,PRIMARY — FDR-supported pathway analysis,increased,KEGG_2021_Human,Chemical carcinogenesis,0.11321686569697044,0.1471675727297009,1,239,1/239,6,0.16666666666666666,STAT5B
primary_fdr,PRIMARY — FDR-supported pathway analysis,increased,KEGG_2021_Human,Chemokine signaling pathway,0.09175327699749344,0.13961223461973837,1,192,1/192,6,0.16666666666666666,STAT5B
primary_fdr,PRIMARY — FDR-supported pathway analysis,increased,KEGG_2021_Human,Chronic myeloid leukemia,0.037112102205046564,0.13961223461973837,1,76,1/76,6,0.16666666666666666,STAT5B
primary_fdr,PRIMARY — FDR-supported pathway analysis,increased,KEGG_2021_Human,Complement and coagulation cascades,0.0414375214995116,0.13961223461973837,1,85,1/85,6,0.16666666666666666,VTN
primary_fdr,PRIMARY — FDR-supported pathway analysis,increased,KEGG_2021_Human,ECM-receptor interaction,0.0428760842735926,0.13961223461973837,1,88,1/88,6,0.16666666666666666,VTN
primary_fdr,PRIMARY — FDR-supported pathway analysis,increased,KEGG_2021_Human,ErbB signaling pathway,0.0414375214995116,0.13961223461973837,1,85,1/85,6,0.16666666666666666,STAT5B
primary_fdr,PRIMARY — FDR-supported pathway analysis,increased,KEGG_2021_Human,Focal adhesion,0.09589316424634924,0.13961223461973837,1,201,1/201,6,0.16666666666666666,VTN
primary_fdr,PRIMARY — FDR-supported pathway analysis,increased,KEGG_2021_Human,"Growth hormone synthesis, secretion and action",0.057646606050269986,0.13961223461973837,1,119,1/119,6,0.16666666666666666,STAT5B
primary_fdr,PRIMARY — FDR-supported pathway analysis,increased,KEGG_2021_Human,Hepatitis B,0.07785090706667108,0.13961223461973837,1,162,1/162,6,0.16666666666666666,STAT5B
primary_fdr,PRIMARY — FDR-supported pathway analysis,increased,KEGG_2021_Human,Human T-cell leukemia virus 1 infection,0.10413046502373124,0.14199608866872443,1,219,1/219,6,0.16666666666666666,STAT5B
primary_fdr,PRIMARY — FDR-supported pathway analysis,increased,KEGG_2021_Human,Human papillomavirus infection,0.15412723492188113,0.17783911721755513,1,331,1/331,6,0.16666666666666666,VTN
primary_fdr,PRIMARY — FDR-supported pathway analysis,increased,KEGG_2021_Human,Huntington disease,0.14315341899199943,0.17178410279039932,1,306,1/306,6,0.16666666666666666,DCTN6
primary_fdr,PRIMARY — FDR-supported pathway analysis,increased,KEGG_2021_Human,JAK-STAT signaling pathway,0.07785090706667108,0.13961223461973837,1,162,1/162,6,0.16666666666666666,STAT5B
primary_fdr,PRIMARY — FDR-supported pathway analysis,increased,KEGG_2021_Human,Measles,0.06708481315093064,0.13961223461973837,1,139,1/139,6,0.16666666666666666,STAT5B
primary_fdr,PRIMARY — FDR-supported pathway analysis,increased,KEGG_2021_Human,Necroptosis,0.07645194532862541,0.13961223461973837,1,159,1/159,6,0.16666666666666666,STAT5B
primary_fdr,PRIMARY — FDR-supported pathway analysis,increased,KEGG_2021_Human,Non-small cell lung cancer,0.035185002092533016,0.13961223461973837,1,72,1/72,6,0.16666666666666666,STAT5B
primary_fdr,PRIMARY — FDR-supported pathway analysis,increased,KEGG_2021_Human,PI3K-Akt signaling pathway,0.16412973373945605,0.18048306801341799,1,354,1/354,6,0.16666666666666666,VTN
primary_fdr,PRIMARY — FDR-supported pathway analysis,increased,KEGG_2021_Human,Pathways in cancer,0.23816784056440385,0.23816784056440385,1,531,1/531,6,0.16666666666666666,STAT5B
primary_fdr,PRIMARY — FDR-supported pathway analysis,increased,KEGG_2021_Human,Pathways of neurodegeneration,0.21529863589394047,0.22272272678683497,1,475,1/475,6,0.16666666666666666,DCTN6
primary_fdr,PRIMARY — FDR-supported pathway analysis,increased,KEGG_2021_Human,Prolactin signaling pathway,0.03422036801999686,0.13961223461973837,1,70,1/70,6,0.16666666666666666,STAT5B
primary_fdr,PRIMARY — FDR-supported pathway analysis,increased,KEGG_2021_Human,Proteoglycans in cancer,0.09772856423381686,0.13961223461973837,1,205,1/205,6,0.16666666666666666,VTN
primary_fdr,PRIMARY — FDR-supported pathway analysis,increased,KEGG_2021_Human,RNA transport,0.08898546466815621,0.13961223461973837,1,186,1/186,6,0.16666666666666666,PRMT5
primary_fdr,PRIMARY — FDR-supported pathway analysis,increased,KEGG_2021_Human,Salmonella infection,0.11773405818376073,0.1471675727297009,1,249,1/249,6,0.16666666666666666,DCTN6
primary_fdr,PRIMARY — FDR-supported pathway analysis,increased,KEGG_2021_Human,Th1 and Th2 cell differentiation,0.04479164849329741,0.13961223461973837,1,92,1/92,6,0.16666666666666666,STAT5B
primary_fdr,PRIMARY — FDR-supported pathway analysis,increased,KEGG_2021_Human,Th17 cell differentiation,0.051949416676932134,0.13961223461973837,1,107,1/107,6,0.16666666666666666,STAT5B
primary_fdr,PRIMARY — FDR-supported pathway analysis,increased,KEGG_2021_Human,Vasopressin-regulated water reabsorption,0.021614185980041018,0.13961223461973837,1,44,1/44,6,0.16666666666666666,DCTN6
primary_fdr,PRIMARY — FDR-supported pathway analysis,increased,KEGG_2021_Human,Viral carcinogenesis,0.09681121390666975,0.13961223461973837,1,203,1/203,6,0.16666666666666666,STAT5B
primary_fdr,PRIMARY — FDR-supported pathway analysis,decreased,GO_Biological_Process_2023,Activation Of Cysteine-Type Endopeptidase Activity Involved In Apoptotic Process (GO:0006919),0.03148448790737058,0.05180166165978936,1,67,1/67,11,0.09090909090909091,HSPD1
primary_fdr,PRIMARY — FDR-supported pathway analysis,decreased,GO_Biological_Process_2023,Aerobic Electron Transport Chain (GO:0019646),0.03194789245861107,0.05180166165978936,1,68,1/68,11,0.09090909090909091,NDUFA10
primary_fdr,PRIMARY — FDR-supported pathway analysis,decreased,GO_Biological_Process_2023,Aerobic Respiration (GO:0009060),0.027770401438365712,0.05130632550262365,1,59,1/59,11,0.09090909090909091,NDUFA10
primary_fdr,PRIMARY — FDR-supported pathway analysis,decreased,GO_Biological_Process_2023,Apoptotic Mitochondrial Changes (GO:0008637),0.016085086292606438,0.046468027067529706,1,34,1/34,11,0.09090909090909091,HSPD1
primary_fdr,PRIMARY — FDR-supported pathway analysis,decreased,GO_Biological_Process_2023,Apoptotic Process (GO:0006915),0.10368848501489814,0.11721307001684138,1,228,1/228,11,0.09090909090909091,HSPD1
primary_fdr,PRIMARY — FDR-supported pathway analysis,decreased,GO_Biological_Process_2023,B Cell Activation (GO:0042113),0.043012732072785484,0.060280347580551265,1,92,1/92,11,0.09090909090909091,HSPD1
primary_fdr,PRIMARY — FDR-supported pathway analysis,decreased,GO_Biological_Process_2023,B Cell Proliferation (GO:0042100),0.01467479278978977,0.046468027067529706,1,31,1/31,11,0.09090909090909091,HSPD1
primary_fdr,PRIMARY — FDR-supported pathway analysis,decreased,GO_Biological_Process_2023,Cellular Respiration (GO:0045333),0.039796743193290934,0.05997070477098205,1,85,1/85,11,0.09090909090909091,NDUFA10
primary_fdr,PRIMARY — FDR-supported pathway analysis,decreased,GO_Biological_Process_2023,Cellular Response To Growth Factor Stimulus (GO:0071363),0.07154361613778167,0.08753571856857992,1,155,1/155,11,0.09090909090909091,GAS1
primary_fdr,PRIMARY — FDR-supported pathway analysis,decreased,GO_Biological_Process_2023,Cellular Response To Unfolded Protein (GO:0034620),0.00807048944817274,0.046468027067529706,1,17,1/17,11,0.09090909090909091,HSPD1
primary_fdr,PRIMARY — FDR-supported pathway analysis,decreased,GO_Biological_Process_2023,Cellular Response To Vascular Endothelial Growth Factor Stimulus (GO:0035924),0.016085086292606438,0.046468027067529706,1,34,1/34,11,0.09090909090909091,GAS1
primary_fdr,PRIMARY — FDR-supported pathway analysis,decreased,GO_Biological_Process_2023,Chaperone-Mediated Protein Complex Assembly (GO:0051131),0.009961293353458129,0.046468027067529706,1,21,1/21,11,0.09090909090909091,HSPD1
primary_fdr,PRIMARY — FDR-supported pathway analysis,decreased,GO_Biological_Process_2023,Cholesterol Biosynthetic Process (GO:0006695),0.011849007079431515,0.046468027067529706,1,25,1/25,11,0.09090909090909091,TM7SF2
primary_fdr,PRIMARY — FDR-supported pathway analysis,decreased,GO_Biological_Process_2023,Cholesterol Metabolic Process (GO:0008203),0.03148448790737058,0.05180166165978936,1,67,1/67,11,0.09090909090909091,TM7SF2
primary_fdr,PRIMARY — FDR-supported pathway analysis,decreased,GO_Biological_Process_2023,DNA-templated Transcription (GO:0006351),0.09103473291653369,0.1051956913702167,1,199,1/199,11,0.09090909090909091,MRPL12
primary_fdr,PRIMARY — FDR-supported pathway analysis,decreased,GO_Biological_Process_2023,Establishment Of Protein Localization To Mitochondrion (GO:0072655),0.020773576236075147,0.04801004285670701,1,44,1/44,11,0.09090909090909091,HSPD1
primary_fdr,PRIMARY — FDR-supported pathway analysis,decreased,GO_Biological_Process_2023,Gene Expression (GO:0010467),0.00794042948567401,0.046468027067529706,2,296,2/296,11,0.18181818181818182,MRPL12;HSPD1
primary_fdr,PRIMARY — FDR-supported pathway analysis,decreased,GO_Biological_Process_2023,Intracellular Protein Transmembrane Transport (GO:0065002),0.021708972603873177,0.048036875548995966,1,46,1/46,11,0.09090909090909091,HSPD1
primary_fdr,PRIMARY — FDR-supported pathway analysis,decreased,GO_Biological_Process_2023,Isotype Switching (GO:0045190),0.005228480283867526,0.046468027067529706,1,11,1/11,11,0.09090909090909091,HSPD1
primary_fdr,PRIMARY — FDR-supported pathway analysis,decreased,GO_Biological_Process_2023,Lymphocyte Proliferation (GO:0046651),0.017962785985747576,0.04801004285670701,1,38,1/38,11,0.09090909090909091,HSPD1
primary_fdr,PRIMARY — FDR-supported pathway analysis,decreased,GO_Biological_Process_2023,Macromolecule Biosynthetic Process (GO:0009059),0.08398803710994894,0.09925858931175784,1,183,1/183,11,0.09090909090909091,MRPL12
primary_fdr,PRIMARY — FDR-supported pathway analysis,decreased,GO_Biological_Process_2023,Mitochondrial ATP Synthesis Coupled Electron Transport (GO:0042775),0.032874131437943245,0.05180166165978936,1,70,1/70,11,0.09090909090909091,NDUFA10
primary_fdr,PRIMARY — FDR-supported pathway analysis,decreased,GO_Biological_Process_2023,"Mitochondrial Electron Transport, NADH To Ubiquinone (GO:0006120)",0.016085086292606438,0.046468027067529706,1,34,1/34,11,0.09090909090909091,NDUFA10
primary_fdr,PRIMARY — FDR-supported pathway analysis,decreased,GO_Biological_Process_2023,Mitochondrial Gene Expression (GO:0140053),0.048047775055710756,0.0648956961791418,1,103,1/103,11,0.09090909090909091,MRPL12
primary_fdr,PRIMARY — FDR-supported pathway analysis,decreased,GO_Biological_Process_2023,Mitochondrial RNA Metabolic Process (GO:0000959),0.009488882245992154,0.046468027067529706,1,20,1/20,11,0.09090909090909091,MRPL12
primary_fdr,PRIMARY — FDR-supported pathway analysis,decreased,GO_Biological_Process_2023,Mitochondrial Respiratory Chain Complex Assembly (GO:0033108),0.042094821618093164,0.05997070477098205,1,90,1/90,11,0.09090909090909091,NDUFA10
primary_fdr,PRIMARY — FDR-supported pathway analysis,decreased,GO_Biological_Process_2023,Mitochondrial Respiratory Chain Complex I Assembly (GO:0032981),0.02497683118308269,0.0490111404347283,1,53,1/53,11,0.09090909090909091,NDUFA10
primary_fdr,PRIMARY — FDR-supported pathway analysis,decreased,GO_Biological_Process_2023,Mitochondrial Transcription (GO:0006390),0.005702632581158341,0.046468027067529706,1,12,1/12,11,0.09090909090909091,MRPL12
primary_fdr,PRIMARY — FDR-supported pathway analysis,decreased,GO_Biological_Process_2023,Mitochondrial Translation (GO:0032543),0.04576194129910967,0.06262160388299218,1,98,1/98,11,0.09090909090909091,MRPL12
primary_fdr,PRIMARY — FDR-supported pathway analysis,decreased,GO_Biological_Process_2023,Mitochondrion Organization (GO:0007005),0.07466822613339684,0.08925856917095713,1,162,1/162,11,0.09090909090909091,HSPD1
primary_fdr,PRIMARY — FDR-supported pathway analysis,decreased,GO_Biological_Process_2023,MyD88-dependent Toll-Like Receptor Signaling Pathway (GO:0002755),0.005702632581158341,0.046468027067529706,1,12,1/12,11,0.09090909090909091,HSPD1
primary_fdr,PRIMARY — FDR-supported pathway analysis,decreased,GO_Biological_Process_2023,NADH Dehydrogenase Complex Assembly (GO:0010257),0.02497683118308269,0.0490111404347283,1,53,1/53,11,0.09090909090909091,NDUFA10
primary_fdr,PRIMARY — FDR-supported pathway analysis,decreased,GO_Biological_Process_2023,Negative Regulation Of Apoptotic Process (GO:0043066),0.20821705791027292,0.21654574022668382,1,482,1/482,11,0.09090909090909091,HSPD1
primary_fdr,PRIMARY — FDR-supported pathway analysis,decreased,GO_Biological_Process_2023,Negative Regulation Of Cell Cycle (GO:0045786),0.039796743193290934,0.05997070477098205,1,85,1/85,11,0.09090909090909091,GAS1
primary_fdr,PRIMARY — FDR-supported pathway analysis,decreased,GO_Biological_Process_2023,Negative Regulation Of Mitotic Cell Cycle (GO:0045930),0.016085086292606438,0.046468027067529706,1,34,1/34,11,0.09090909090909091,GAS1
primary_fdr,PRIMARY — FDR-supported pathway analysis,decreased,GO_Biological_Process_2023,Negative Regulation Of Programmed Cell Death (GO:0043069),0.1679786916322868,0.17826310132405945,1,381,1/381,11,0.09090909090909091,HSPD1
primary_fdr,PRIMARY — FDR-supported pathway analysis,decreased,GO_Biological_Process_2023,Negative Regulation Of Protein Maturation (GO:1903318),0.0042795942376332155,0.046468027067529706,1,9,1/9,11,0.09090909090909091,GAS1
primary_fdr,PRIMARY — FDR-supported pathway analysis,decreased,GO_Biological_Process_2023,Negative Regulation Of Protein Processing (GO:0010955),0.007123927361480376,0.046468027067529706,1,15,1/15,11,0.09090909090909091,GAS1
primary_fdr,PRIMARY — FDR-supported pathway analysis,decreased,GO_Biological_Process_2023,Negative Regulation Of Proteolysis (GO:0045861),0.019369044316709192,0.04801004285670701,1,41,1/41,11,0.09090909090909091,GAS1
primary_fdr,PRIMARY — FDR-supported pathway analysis,decreased,GO_Biological_Process_2023,Notch Signaling Pathway (GO:0007219),0.018900483450512397,0.04801004285670701,1,40,1/40,11,0.09090909090909091,POFUT1
primary_fdr,PRIMARY — FDR-supported pathway analysis,decreased,GO_Biological_Process_2023,O-glycan Processing (GO:0016266),0.019369044316709192,0.04801004285670701,1,41,1/41,11,0.09090909090909091,POFUT1
primary_fdr,PRIMARY — FDR-supported pathway analysis,decreased,GO_Biological_Process_2023,Oxidative Phosphorylation (GO:0006119),0.02962896777543181,0.05130632550262365,1,63,1/63,11,0.09090909090909091,NDUFA10
primary_fdr,PRIMARY — FDR-supported pathway analysis,decreased,GO_Biological_Process_2023,Peptide Biosynthetic Process (GO:0043043),0.07288384029993454,0.08813859757201387,1,158,1/158,11,0.09090909090909091,MRPL12
primary_fdr,PRIMARY — FDR-supported pathway analysis,decreased,GO_Biological_Process_2023,Positive Regulation Of Apoptotic Process (GO:0043065),0.12174678884293533,0.1332806951543713,1,270,1/270,11,0.09090909090909091,HSPD1
primary_fdr,PRIMARY — FDR-supported pathway analysis,decreased,GO_Biological_Process_2023,Positive Regulation Of Autophagosome Maturation (GO:1901098),0.0028548105488495658,0.046468027067529706,1,6,1/6,11,0.09090909090909091,FYCO1
primary_fdr,PRIMARY — FDR-supported pathway analysis,decreased,GO_Biological_Process_2023,Positive Regulation Of Cysteine-Type Endopeptidase Activity Involved In Apoptotic Process (GO:0043280),0.05078457888778351,0.06685564815606944,1,109,1/109,11,0.09090909090909091,HSPD1
primary_fdr,PRIMARY — FDR-supported pathway analysis,decreased,GO_Biological_Process_2023,Positive Regulation Of Cytokine Production (GO:0001819),0.14283735990434557,0.1547404732297077,1,320,1/320,11,0.09090909090909091,HSPD1
primary_fdr,PRIMARY — FDR-supported pathway analysis,decreased,GO_Biological_Process_2023,Positive Regulation Of DNA-templated Transcription (GO:0045893),0.46135608897133135,0.46135608897133135,1,1243,1/1243,11,0.09090909090909091,MRPL12
primary_fdr,PRIMARY — FDR-supported pathway analysis,decreased,GO_Biological_Process_2023,Positive Regulation Of Immune Response To Tumor Cell (GO:0002839),0.0028548105488495658,0.046468027067529706,1,6,1/6,11,0.09090909090909091,HSPD1
primary_fdr,PRIMARY — FDR-supported pathway analysis,decreased,GO_Biological_Process_2023,Positive Regulation Of Interferon-Alpha Production (GO:0032727),0.009961293353458129,0.046468027067529706,1,21,1/21,11,0.09090909090909091,HSPD1
primary_fdr,PRIMARY — FDR-supported pathway analysis,decreased,GO_Biological_Process_2023,Positive Regulation Of Interleukin-10 Production (GO:0032733),0.014204310085119135,0.046468027067529706,1,30,1/30,11,0.09090909090909091,HSPD1
primary_fdr,PRIMARY — FDR-supported pathway analysis,decreased,GO_Biological_Process_2023,Positive Regulation Of Interleukin-12 Production (GO:0032735),0.015615180827917092,0.046468027067529706,1,33,1/33,11,0.09090909090909091,HSPD1
primary_fdr,PRIMARY — FDR-supported pathway analysis,decreased,GO_Biological_Process_2023,Positive Regulation Of Interleukin-6 Production (GO:0032755),0.03564829206601842,0.05533466231143157,1,76,1/76,11,0.09090909090909091,HSPD1
primary_fdr,PRIMARY — FDR-supported pathway analysis,decreased,GO_Biological_Process_2023,Positive Regulation Of Leukocyte Activation (GO:0002696),0.009488882245992154,0.046468027067529706,1,20,1/20,11,0.09090909090909091,HSPD1
primary_fdr,PRIMARY — FDR-supported pathway analysis,decreased,GO_Biological_Process_2023,Positive Regulation Of Leukocyte Cell-Cell Adhesion (GO:1903039),0.020773576236075147,0.04801004285670701,1,44,1/44,11,0.09090909090909091,HSPD1
primary_fdr,PRIMARY — FDR-supported pathway analysis,decreased,GO_Biological_Process_2023,Positive Regulation Of Lymphocyte Activation (GO:0051251),0.022176383510416956,0.04804883093923674,1,47,1/47,11,0.09090909090909091,HSPD1
primary_fdr,PRIMARY — FDR-supported pathway analysis,decreased,GO_Biological_Process_2023,Positive Regulation Of Macroautophagy (GO:0016239),0.030093133227500412,0.05130632550262365,1,64,1/64,11,0.09090909090909091,FYCO1
primary_fdr,PRIMARY — FDR-supported pathway analysis,decreased,GO_Biological_Process_2023,Positive Regulation Of Macrophage Activation (GO:0043032),0.00807048944817274,0.046468027067529706,1,17,1/17,11,0.09090909090909091,HSPD1
primary_fdr,PRIMARY — FDR-supported pathway analysis,decreased,GO_Biological_Process_2023,Positive Regulation Of Nucleic Acid-Templated Transcription (GO:1903508),0.23700699721566157,0.24165419323949808,1,557,1/557,11,0.09090909090909091,MRPL12
primary_fdr,PRIMARY — FDR-supported pathway analysis,decreased,GO_Biological_Process_2023,Positive Regulation Of Organelle Organization (GO:0010638),0.016085086292606438,0.046468027067529706,1,34,1/34,11,0.09090909090909091,FYCO1
primary_fdr,PRIMARY — FDR-supported pathway analysis,decreased,GO_Biological_Process_2023,Positive Regulation Of Programmed Cell Death (GO:0043068),0.11103576646692148,0.12284808204850887,1,245,1/245,11,0.09090909090909091,HSPD1
primary_fdr,PRIMARY — FDR-supported pathway analysis,decreased,GO_Biological_Process_2023,Positive Regulation Of Protein-Containing Complex Disassembly (GO:0043243),0.006650356054007656,0.046468027067529706,1,14,1/14,11,0.09090909090909091,FYCO1
primary_fdr,PRIMARY — FDR-supported pathway analysis,decreased,GO_Biological_Process_2023,Positive Regulation Of T Cell Activation (GO:0050870),0.049873061283993166,0.06649741504532422,1,107,1/107,11,0.09090909090909091,HSPD1
primary_fdr,PRIMARY — FDR-supported pathway analysis,decreased,GO_Biological_Process_2023,Positive Regulation Of T Cell Mediated Immune Response To Tumor Cell (GO:0002842),0.0023794944898670625,0.046468027067529706,1,5,1/5,11,0.09090909090909091,HSPD1
primary_fdr,PRIMARY — FDR-supported pathway analysis,decreased,GO_Biological_Process_2023,Positive Regulation Of T Cell Mediated Immunity (GO:0002711),0.020305590644053063,0.04801004285670701,1,43,1/43,11,0.09090909090909091,HSPD1
primary_fdr,PRIMARY — FDR-supported pathway analysis,decreased,GO_Biological_Process_2023,Positive Regulation Of Type I Interferon Production (GO:0032481),0.030093133227500412,0.05130632550262365,1,64,1/64,11,0.09090909090909091,HSPD1
primary_fdr,PRIMARY — FDR-supported pathway analysis,decreased,GO_Biological_Process_2023,Positive Regulation Of Type II Interferon Production (GO:0032729),0.02730528339640758,0.05130632550262365,1,58,1/58,11,0.09090909090909091,HSPD1
primary_fdr,PRIMARY — FDR-supported pathway analysis,decreased,GO_Biological_Process_2023,Protein Glycosylation (GO:0006486),0.06796156340428115,0.08414288802434809,1,147,1/147,11,0.09090909090909091,POFUT1
primary_fdr,PRIMARY — FDR-supported pathway analysis,decreased,GO_Biological_Process_2023,Protein Maturation (GO:0051604),0.054423157893710716,0.06902449293836481,1,117,1/117,11,0.09090909090909091,HSPD1
primary_fdr,PRIMARY — FDR-supported pathway analysis,decreased,GO_Biological_Process_2023,Protein O-linked Glycosylation (GO:0006493),0.04347140450520524,0.060280347580551265,1,93,1/93,11,0.09090909090909091,POFUT1
primary_fdr,PRIMARY — FDR-supported pathway analysis,decreased,GO_Biological_Process_2023,Protein Stabilization (GO:0050821),0.09497804132753015,0.10854633294574875,1,208,1/208,11,0.09090909090909091,HSPD1
primary_fdr,PRIMARY — FDR-supported pathway analysis,decreased,GO_Biological_Process_2023,Protein Targeting To Mitochondrion (GO:0006626),0.027770401438365712,0.05130632550262365,1,59,1/59,11,0.09090909090909091,HSPD1
primary_fdr,PRIMARY — FDR-supported pathway analysis,decreased,GO_Biological_Process_2023,Protein Transmembrane Import Into Intracellular Organelle (GO:0044743),0.015145083015514,0.046468027067529706,1,32,1/32,11,0.09090909090909091,HSPD1
primary_fdr,PRIMARY — FDR-supported pathway analysis,decreased,GO_Biological_Process_2023,Protein-Containing Complex Assembly (GO:0065003),0.14617122914874459,0.15671966836566428,1,328,1/328,11,0.09090909090909091,HSPD1
primary_fdr,PRIMARY — FDR-supported pathway analysis,decreased,GO_Biological_Process_2023,Proton Motive Force-Driven ATP Synthesis (GO:0015986),0.028235328832130667,0.05130632550262365,1,60,1/60,11,0.09090909090909091,NDUFA10
primary_fdr,PRIMARY — FDR-supported pathway analysis,decreased,GO_Biological_Process_2023,Proton Motive Force-Driven Mitochondrial ATP Synthesis (GO:0042776),0.02497683118308269,0.0490111404347283,1,53,1/53,11,0.09090909090909091,NDUFA10
primary_fdr,PRIMARY — FDR-supported pathway analysis,decreased,GO_Biological_Process_2023,Regulation Of Apoptotic Process (GO:0042981),0.04109186824066192,0.05997070477098205,2,705,2/705,11,0.18181818181818182,GAS1;HSPD1
primary_fdr,PRIMARY — FDR-supported pathway analysis,decreased,GO_Biological_Process_2023,Regulation Of Autophagosome Maturation (GO:1901096),0.007597305137564669,0.046468027067529706,1,16,1/16,11,0.09090909090909091,FYCO1
primary_fdr,PRIMARY — FDR-supported pathway analysis,decreased,GO_Biological_Process_2023,Regulation Of DNA-templated Transcription (GO:0006355),0.23023599457997534,0.23707468748829144,2,1922,2/1922,11,0.18181818181818182,MRPL12;POFUT1
primary_fdr,PRIMARY — FDR-supported pathway analysis,decreased,GO_Biological_Process_2023,Regulation Of Gene Expression (GO:0010468),0.427986180016774,0.4321413856480048,1,1127,1/1127,11,0.09090909090909091,POFUT1
primary_fdr,PRIMARY — FDR-supported pathway analysis,decreased,GO_Biological_Process_2023,Regulation Of Interferon-Alpha Production (GO:0032647),0.012320453163840181,0.046468027067529706,1,26,1/26,11,0.09090909090909091,HSPD1
primary_fdr,PRIMARY — FDR-supported pathway analysis,decreased,GO_Biological_Process_2023,Regulation Of Interleukin-10 Production (GO:0032653),0.021708972603873177,0.048036875548995966,1,46,1/46,11,0.09090909090909091,HSPD1
primary_fdr,PRIMARY — FDR-supported pathway analysis,decreased,GO_Biological_Process_2023,Regulation Of Interleukin-12 Production (GO:0032655),0.023577467904859623,0.0490111404347283,1,50,1/50,11,0.09090909090909091,HSPD1
primary_fdr,PRIMARY — FDR-supported pathway analysis,decreased,GO_Biological_Process_2023,Regulation Of Interleukin-6 Production (GO:0032675),0.05306009428221362,0.0681265408067928,1,114,1/114,11,0.09090909090909091,HSPD1
primary_fdr,PRIMARY — FDR-supported pathway analysis,decreased,GO_Biological_Process_2023,Regulation Of Intracellular Transport (GO:0032386),0.017962785985747576,0.04801004285670701,1,38,1/38,11,0.09090909090909091,GAS1
primary_fdr,PRIMARY — FDR-supported pathway analysis,decreased,GO_Biological_Process_2023,Regulation Of Macrophage Activation (GO:0043030),0.01467479278978977,0.046468027067529706,1,31,1/31,11,0.09090909090909091,HSPD1
primary_fdr,PRIMARY — FDR-supported pathway analysis,decreased,GO_Biological_Process_2023,Regulation Of Mitotic Cell Cycle (GO:0007346),0.05804977527920355,0.07273706781972492,1,125,1/125,11,0.09090909090909091,GAS1
primary_fdr,PRIMARY — FDR-supported pathway analysis,decreased,GO_Biological_Process_2023,Regulation Of Notch Signaling Pathway (GO:0008593),0.032874131437943245,0.05180166165978936,1,70,1/70,11,0.09090909090909091,POFUT1
primary_fdr,PRIMARY — FDR-supported pathway analysis,decreased,GO_Biological_Process_2023,Regulation Of Nucleic Acid-Templated Transcription (GO:1903506),0.19644312773863976,0.20636449782644986,1,452,1/452,11,0.09090909090909091,POFUT1
primary_fdr,PRIMARY — FDR-supported pathway analysis,decreased,GO_Biological_Process_2023,Regulation Of Programmed Cell Death (GO:0043067),0.08927742985741376,0.10432418769855091,1,195,1/195,11,0.09090909090909091,GAS1
primary_fdr,PRIMARY — FDR-supported pathway analysis,decreased,GO_Biological_Process_2023,Regulation Of Protein Processing (GO:0070613),0.011849007079431515,0.046468027067529706,1,25,1/25,11,0.09090909090909091,GAS1
primary_fdr,PRIMARY — FDR-supported pathway analysis,decreased,GO_Biological_Process_2023,Regulation Of Signal Transduction (GO:0009966),0.003449781973543516,0.046468027067529706,2,193,2/193,11,0.18181818181818182,GAS1;POFUT1
primary_fdr,PRIMARY — FDR-supported pathway analysis,decreased,GO_Biological_Process_2023,Regulation Of Smoothened Signaling Pathway (GO:0008589),0.024044113479015833,0.0490111404347283,1,51,1/51,11,0.09090909090909091,GAS1
primary_fdr,PRIMARY — FDR-supported pathway analysis,decreased,GO_Biological_Process_2023,Regulation Of T Cell Activation (GO:0050863),0.029164611935564976,0.05130632550262365,1,62,1/62,11,0.09090909090909091,HSPD1
primary_fdr,PRIMARY — FDR-supported pathway analysis,decreased,GO_Biological_Process_2023,Regulation Of T Cell Mediated Immune Response To Tumor Cell (GO:0002840),0.0028548105488495658,0.046468027067529706,1,6,1/6,11,0.09090909090909091,HSPD1
primary_fdr,PRIMARY — FDR-supported pathway analysis,decreased,GO_Biological_Process_2023,Regulation Of Type II Interferon Production (GO:0032649),0.040716540992792115,0.05997070477098205,1,87,1/87,11,0.09090909090909091,HSPD1
primary_fdr,PRIMARY — FDR-supported pathway analysis,decreased,GO_Biological_Process_2023,Regulation Of Vesicle-Mediated Transport (GO:0060627),0.04163558346668753,0.05997070477098205,1,89,1/89,11,0.09090909090909091,GAS1
primary_fdr,PRIMARY — FDR-supported pathway analysis,decreased,GO_Biological_Process_2023,Response To Unfolded Protein (GO:0006986),0.020773576236075147,0.04801004285670701,1,44,1/44,11,0.09090909090909091,HSPD1
primary_fdr,PRIMARY — FDR-supported pathway analysis,decreased,GO_Biological_Process_2023,Secondary Alcohol Biosynthetic Process (GO:1902653),0.011377368121948632,0.046468027067529706,1,24,1/24,11,0.09090909090909091,TM7SF2
primary_fdr,PRIMARY — FDR-supported pathway analysis,decreased,GO_Biological_Process_2023,Sterol Biosynthetic Process (GO:0016126),0.013262766976348001,0.046468027067529706,1,28,1/28,11,0.09090909090909091,TM7SF2
primary_fdr,PRIMARY — FDR-supported pathway analysis,decreased,GO_Biological_Process_2023,T Cell Activation (GO:0042110),0.051695346836942116,0.06720395088802475,1,111,1/111,11,0.09090909090909091,HSPD1
primary_fdr,PRIMARY — FDR-supported pathway analysis,decreased,GO_Biological_Process_2023,Toll-Like Receptor Signaling Pathway (GO:0002224),0.01467479278978977,0.046468027067529706,1,31,1/31,11,0.09090909090909091,HSPD1
primary_fdr,PRIMARY — FDR-supported pathway analysis,decreased,GO_Biological_Process_2023,Translation (GO:0006412),0.10628756389301355,0.11885921123519795,1,234,1/234,11,0.09090909090909091,MRPL12
primary_fdr,PRIMARY — FDR-supported pathway analysis,decreased,GO_Biological_Process_2023,Vesicle Transport Along Microtubule (GO:0047496),0.010433511324739521,0.046468027067529706,1,22,1/22,11,0.09090909090909091,FYCO1
primary_fdr,PRIMARY — FDR-supported pathway analysis,decreased,Reactome_2022,Activation Of Gene Expression By SREBF (SREBP) R-HSA-2426168,0.0277053367992439,0.10085421294668395,1,42,1/42,11,0.09090909090909091,TM7SF2
primary_fdr,PRIMARY — FDR-supported pathway analysis,decreased,Reactome_2022,Activation Of SMO R-HSA-5635838,0.011955453604984222,0.09265476543862772,1,18,1/18,11,0.09090909090909091,GAS1
primary_fdr,PRIMARY — FDR-supported pathway analysis,decreased,Reactome_2022,Cholesterol Biosynthesis R-HSA-191273,0.017229533060961,0.10085421294668395,1,26,1/26,11,0.09090909090909091,TM7SF2
primary_fdr,PRIMARY — FDR-supported pathway analysis,decreased,Reactome_2022,Citric Acid (TCA) Cycle And Respiratory Electron Transport R-HSA-1428517,0.10387635282164491,0.1408261183738318,1,163,1/163,11,0.09090909090909091,NDUFA10
primary_fdr,PRIMARY — FDR-supported pathway analysis,decreased,Reactome_2022,Complex I Biogenesis R-HSA-6799198,0.03355580331608531,0.10085421294668395,1,51,1/51,11,0.09090909090909091,NDUFA10
primary_fdr,PRIMARY — FDR-supported pathway analysis,decreased,Reactome_2022,Gene Expression (Transcription) R-HSA-74160,0.64693514169617,0.64693514169617,1,1449,1/1449,11,0.09090909090909091,HSPD1
primary_fdr,PRIMARY — FDR-supported pathway analysis,decreased,Reactome_2022,Generic Transcription Pathway R-HSA-212436,0.5697046032476031,0.6307443821669891,1,1190,1/1190,11,0.09090909090909091,HSPD1
primary_fdr,PRIMARY — FDR-supported pathway analysis,decreased,Reactome_2022,Hedgehog On State R-HSA-5632684,0.055386102957617395,0.10085421294668395,1,85,1/85,11,0.09090909090909091,GAS1
primary_fdr,PRIMARY — FDR-supported pathway analysis,decreased,Reactome_2022,Ligand-receptor Interactions R-HSA-5632681,0.005328753628140235,0.055063787490782425,1,8,1/8,11,0.09090909090909091,GAS1
primary_fdr,PRIMARY — FDR-supported pathway analysis,decreased,Reactome_2022,Metabolism Of Lipids R-HSA-556833,0.39745634534383145,0.4563387668762509,1,732,1/732,11,0.09090909090909091,TM7SF2
primary_fdr,PRIMARY — FDR-supported pathway analysis,decreased,Reactome_2022,Metabolism Of Proteins R-HSA-392499,0.36825417624371204,0.4390722870598105,2,1890,2/1890,11,0.18181818181818182,MRPL12;PTP4A2
primary_fdr,PRIMARY — FDR-supported pathway analysis,decreased,Reactome_2022,Metabolism Of Steroids R-HSA-8957322,0.09778148092228835,0.1408261183738318,1,153,1/153,11,0.09090909090909091,TM7SF2
primary_fdr,PRIMARY — FDR-supported pathway analysis,decreased,Reactome_2022,Mitochondrial Protein Import R-HSA-1268020,0.04259654930460667,0.10085421294668395,1,65,1/65,11,0.09090909090909091,HSPD1
primary_fdr,PRIMARY — FDR-supported pathway analysis,decreased,Reactome_2022,Mitochondrial Translation Elongation R-HSA-5389840,0.053477058018270546,0.10085421294668395,1,82,1/82,11,0.09090909090909091,MRPL12
primary_fdr,PRIMARY — FDR-supported pathway analysis,decreased,Reactome_2022,Mitochondrial Translation Initiation R-HSA-5368286,0.053477058018270546,0.10085421294668395,1,82,1/82,11,0.09090909090909091,MRPL12
primary_fdr,PRIMARY — FDR-supported pathway analysis,decreased,Reactome_2022,Mitochondrial Translation R-HSA-5368287,0.057291846638395316,0.10085421294668395,1,88,1/88,11,0.09090909090909091,MRPL12
primary_fdr,PRIMARY — FDR-supported pathway analysis,decreased,Reactome_2022,Mitochondrial Translation Termination R-HSA-5419276,0.053477058018270546,0.10085421294668395,1,82,1/82,11,0.09090909090909091,MRPL12
primary_fdr,PRIMARY — FDR-supported pathway analysis,decreased,Reactome_2022,Post-translational Protein Modification R-HSA-597592,0.6284829440923057,0.64693514169617,1,1383,1/1383,11,0.09090909090909091,PTP4A2
primary_fdr,PRIMARY — FDR-supported pathway analysis,decreased,Reactome_2022,Pre-NOTCH Expression And Processing R-HSA-1912422,0.050926521239526894,0.10085421294668395,1,78,1/78,11,0.09090909090909091,POFUT1
primary_fdr,PRIMARY — FDR-supported pathway analysis,decreased,Reactome_2022,Pre-NOTCH Processing In Endoplasmic Reticulum R-HSA-1912399,0.003998852384120782,0.055063787490782425,1,6,1/6,11,0.09090909090909091,POFUT1
primary_fdr,PRIMARY — FDR-supported pathway analysis,decreased,Reactome_2022,Protein Localization R-HSA-9609507,0.10448389427735909,0.1408261183738318,1,164,1/164,11,0.09090909090909091,HSPD1
primary_fdr,PRIMARY — FDR-supported pathway analysis,decreased,Reactome_2022,RAB Geranylgeranylation R-HSA-8873719,0.04066537395787877,0.10085421294668395,1,62,1/62,11,0.09090909090909091,PTP4A2
primary_fdr,PRIMARY — FDR-supported pathway analysis,decreased,Reactome_2022,RNA Polymerase II Transcription R-HSA-73857,0.6077159106010637,0.64693514169617,1,1312,1/1312,11,0.09090909090909091,HSPD1
primary_fdr,PRIMARY — FDR-supported pathway analysis,decreased,Reactome_2022,Regulation Of Cholesterol Biosynthesis By SREBP (SREBF) R-HSA-1655829,0.03614630902236236,0.10085421294668395,1,55,1/55,11,0.09090909090909091,TM7SF2
primary_fdr,PRIMARY — FDR-supported pathway analysis,decreased,Reactome_2022,Respiratory Electron Transport R-HSA-611105,0.05856051074323585,0.10085421294668395,1,90,1/90,11,0.09090909090909091,NDUFA10
primary_fdr,PRIMARY — FDR-supported pathway analysis,decreased,Reactome_2022,"Respiratory Electron Transport, ATP Synthesis By Chemiosmotic Coupling, Heat Production By Uncoupling Proteins R-HSA-163200",0.07241952066671793,0.11815816529832926,1,112,1/112,11,0.09090909090909091,NDUFA10
primary_fdr,PRIMARY — FDR-supported pathway analysis,decreased,Reactome_2022,Signaling By Hedgehog R-HSA-5358351,0.0867211431587985,0.13441777189613768,1,135,1/135,11,0.09090909090909091,GAS1
primary_fdr,PRIMARY — FDR-supported pathway analysis,decreased,Reactome_2022,Signaling By NOTCH R-HSA-157118,0.12790428843040444,0.16520970588927242,1,203,1/203,11,0.09090909090909091,POFUT1
primary_fdr,PRIMARY — FDR-supported pathway analysis,decreased,Reactome_2022,TFAP2A Acts As A Transcriptional Repressor During Retinoic Acid Induced Cell Differentiation R-HSA-8869496,0.0033333304259963877,0.055063787490782425,1,5,1/5,11,0.09090909090909091,HSPD1
primary_fdr,PRIMARY — FDR-supported pathway analysis,decreased,Reactome_2022,Transcriptional Regulation By AP-2 (TFAP2) Family Of Transcription Factors R-HSA-8864260,0.023788183479748554,0.10085421294668395,1,36,1/36,11,0.09090909090909091,HSPD1
primary_fdr,PRIMARY — FDR-supported pathway analysis,decreased,Reactome_2022,Translation R-HSA-72766,0.17317404175685072,0.2147358117784949,1,281,1/281,11,0.09090909090909091,MRPL12
primary_fdr,PRIMARY — FDR-supported pathway analysis,decreased,KEGG_2021_Human,Alzheimer disease,0.2792157195394174,0.29317650551638824,1,369,1/369,11,0.09090909090909091,NDUFA10
primary_fdr,PRIMARY — FDR-supported pathway analysis,decreased,KEGG_2021_Human,Amyotrophic lateral sclerosis,0.27593559875327606,0.29317650551638824,1,364,1/364,11,0.09090909090909091,NDUFA10
primary_fdr,PRIMARY — FDR-supported pathway analysis,decreased,KEGG_2021_Human,Diabetic cardiomyopathy,0.1632458478997492,0.25840320226532854,1,203,1/203,11,0.09090909090909091,NDUFA10
primary_fdr,PRIMARY — FDR-supported pathway analysis,decreased,KEGG_2021_Human,Hedgehog signaling pathway,0.04754651326331959,0.20318602293482005,1,56,1/56,11,0.09090909090909091,GAS1
primary_fdr,PRIMARY — FDR-supported pathway analysis,decreased,KEGG_2021_Human,Huntington disease,0.23694098846686115,0.27643115321133804,1,306,1/306,11,0.09090909090909091,NDUFA10
primary_fdr,PRIMARY — FDR-supported pathway analysis,decreased,KEGG_2021_Human,Legionellosis,0.04837762450829049,0.20318602293482005,1,57,1/57,11,0.09090909090909091,HSPD1
primary_fdr,PRIMARY — FDR-supported pathway analysis,decreased,KEGG_2021_Human,Lipid and atherosclerosis,0.17213389828619713,0.25840320226532854,1,215,1/215,11,0.09090909090909091,HSPD1
primary_fdr,PRIMARY — FDR-supported pathway analysis,decreased,KEGG_2021_Human,Non-alcoholic fatty liver disease,0.12687072385276751,0.25840320226532854,1,155,1/155,11,0.09090909090909091,NDUFA10
primary_fdr,PRIMARY — FDR-supported pathway analysis,decreased,KEGG_2021_Human,Other types of O-glycan biosynthesis,0.0400384714436727,0.20318602293482005,1,47,1/47,11,0.09090909090909091,POFUT1
primary_fdr,PRIMARY — FDR-supported pathway analysis,decreased,KEGG_2021_Human,Oxidative phosphorylation,0.10975107295062207,0.25840320226532854,1,133,1/133,11,0.09090909090909091,NDUFA10
primary_fdr,PRIMARY — FDR-supported pathway analysis,decreased,KEGG_2021_Human,Parkinson disease,0.19687863029739316,0.25840320226532854,1,249,1/249,11,0.09090909090909091,NDUFA10
primary_fdr,PRIMARY — FDR-supported pathway analysis,decreased,KEGG_2021_Human,Pathways of neurodegeneration,0.34581976734484765,0.34581976734484765,1,475,1/475,11,0.09090909090909091,NDUFA10
primary_fdr,PRIMARY — FDR-supported pathway analysis,decreased,KEGG_2021_Human,Prion disease,0.21396135528555985,0.2643052035880445,1,273,1/273,11,0.09090909090909091,NDUFA10
primary_fdr,PRIMARY — FDR-supported pathway analysis,decreased,KEGG_2021_Human,RNA degradation,0.066505466146566,0.23276913151298098,1,79,1/79,11,0.09090909090909091,HSPD1
primary_fdr,PRIMARY — FDR-supported pathway analysis,decreased,KEGG_2021_Human,Retrograde endocannabinoid signaling,0.1214544428949875,0.25840320226532854,1,148,1/148,11,0.09090909090909091,NDUFA10
primary_fdr,PRIMARY — FDR-supported pathway analysis,decreased,KEGG_2021_Human,Ribosome,0.12918321035219282,0.25840320226532854,1,158,1/158,11,0.09090909090909091,MRPL12
primary_fdr,PRIMARY — FDR-supported pathway analysis,decreased,KEGG_2021_Human,Salmonella infection,0.19687863029739316,0.25840320226532854,1,249,1/249,11,0.09090909090909091,FYCO1
primary_fdr,PRIMARY — FDR-supported pathway analysis,decreased,KEGG_2021_Human,Steroid biosynthesis,0.017209169570545663,0.20318602293482005,1,20,1/20,11,0.09090909090909091,TM7SF2
primary_fdr,PRIMARY — FDR-supported pathway analysis,decreased,KEGG_2021_Human,Thermogenesis,0.1845867157541047,0.25840320226532854,1,232,1/232,11,0.09090909090909091,NDUFA10
primary_fdr,PRIMARY — FDR-supported pathway analysis,decreased,KEGG_2021_Human,Tuberculosis,0.1459816170388843,0.25840320226532854,1,180,1/180,11,0.09090909090909091,HSPD1
primary_fdr,PRIMARY — FDR-supported pathway analysis,decreased,KEGG_2021_Human,Type I diabetes mellitus,0.03668531553737697,0.20318602293482005,1,43,1/43,11,0.09090909090909091,HSPD1
