Accession,observed_count,missing_count,missing_percent
A0A075B6I0,20,0,0.0
A0A075B6J9,20,0,0.0
A0A075B6K0,20,0,0.0
A0A075B6K4,20,0,0.0
A0A075B6S6,20,0,0.0
A0A0A0MRZ8,20,0,0.0
A0A0A0MS15,20,0,0.0
A0A0B4J1V0,20,0,0.0
A0A0B4J1V6,20,0,0.0
A0A0B4J1X5,20,0,0.0
A0A0B4J1Y9,20,0,0.0
A0A0C4DH25,20,0,0.0
A0A0C4DH34,20,0,0.0
A0A0C4DH38,20,0,0.0
A0AVT1,20,0,0.0
A0FGR8,20,0,0.0
A1L0T0,20,0,0.0
A6NHL2,20,0,0.0
A8K0Z3,20,0,0.0
Q99613,20,0,0.0
B9A064,20,0,0.0
CON__P00761,20,0,0.0
CON__P01966,20,0,0.0
CON__P02768-1,20,0,0.0
CON__P05787,20,0,0.0
CON__P07477,20,0,0.0
CON__P08730-1,20,0,0.0
CON__P13647,20,0,0.0
CON__Q1RMN8,20,0,0.0
CON__Q3KNV1,20,0,0.0
CON__Q3SX09,20,0,0.0
CON__Q3SX28,20,0,0.0
CON__Q3ZBD7,20,0,0.0
Q13765,20,0,0.0
O00115,20,0,0.0
O00151,20,0,0.0
O00159,20,0,0.0
O00161,20,0,0.0
O00170,20,0,0.0
O00203,20,0,0.0
O00217,20,0,0.0
O00231,20,0,0.0
O00233,20,0,0.0
O00244,20,0,0.0
O00264,20,0,0.0
O00273,20,0,0.0
O00299,20,0,0.0
O00303,20,0,0.0
O00330,20,0,0.0
O00399,20,0,0.0
O00410,20,0,0.0
O00423,20,0,0.0
O00429,20,0,0.0
O00468,20,0,0.0
O00479,20,0,0.0
O00487,20,0,0.0
O00499,20,0,0.0
O00534,20,0,0.0
O00560,20,0,0.0
O00571,20,0,0.0
O00584,20,0,0.0
O00592,20,0,0.0
O00625,20,0,0.0
O00629,20,0,0.0
O00763,20,0,0.0
O00764,20,0,0.0
O14558,20,0,0.0
O14561,20,0,0.0
O14578,20,0,0.0
O14579,20,0,0.0
O14617,20,0,0.0
O14618,20,0,0.0
O14639,20,0,0.0
O14735,20,0,0.0
O14737,20,0,0.0
O14745,20,0,0.0
O14773,20,0,0.0
O14791,20,0,0.0
O14807,20,0,0.0
O14818,20,0,0.0
O14841,20,0,0.0
O14880,20,0,0.0
O14907,20,0,0.0
P19105,20,0,0.0
O14957,20,0,0.0
O14964,20,0,0.0
O14974,20,0,0.0
O14979,20,0,0.0
O14980,20,0,0.0
O15013,20,0,0.0
O15061,20,0,0.0
O15067,20,0,0.0
O15143,20,0,0.0
O15144,20,0,0.0
O15145,20,0,0.0
O15173,20,0,0.0
O15247,20,0,0.0
O15260,20,0,0.0
O15305,20,0,0.0
O15371,20,0,0.0
O15400,20,0,0.0
O15488,20,0,0.0
O15511,20,0,0.0
O43143,20,0,0.0
O43175,20,0,0.0
O43237,20,0,0.0
O43242,20,0,0.0
O43294,20,0,0.0
O43301,20,0,0.0
O43390,20,0,0.0
O43396,20,0,0.0
O43399,20,0,0.0
O43488,20,0,0.0
O43491,20,0,0.0
O43504,20,0,0.0
O43583,20,0,0.0
O43592,20,0,0.0
O43598,20,0,0.0
O43678,20,0,0.0
O43681,20,0,0.0
O43684,20,0,0.0
O43707,20,0,0.0
O43708,20,0,0.0
O43747,20,0,0.0
O43765,20,0,0.0
O43768,20,0,0.0
O43776,20,0,0.0
O43809,20,0,0.0
O43813,20,0,0.0
O43837,20,0,0.0
O43852,20,0,0.0
O43865,20,0,0.0
O43866,20,0,0.0
O60234,20,0,0.0
O60240,20,0,0.0
O60271,20,0,0.0
O60313,20,0,0.0
O60437,20,0,0.0
O60493,20,0,0.0
O60504,20,0,0.0
O60506,20,0,0.0
O60573,20,0,0.0
O60613,20,0,0.0
O60664,20,0,0.0
O60684,20,0,0.0
O60701,20,0,0.0
O60716,20,0,0.0
O60749,20,0,0.0
O60763,20,0,0.0
O60784,20,0,0.0
Q99880,20,0,0.0
O60884,20,0,0.0
O60888,20,0,0.0
O60925,20,0,0.0
O60936,20,0,0.0
O75083,20,0,0.0
O75116,20,0,0.0
O75131,20,0,0.0
O75150,20,0,0.0
O75223,20,0,0.0
O75323,20,0,0.0
O75340,20,0,0.0
O75347,20,0,0.0
O75348,20,0,0.0
O75351,20,0,0.0
O75352,20,0,0.0
O75367,20,0,0.0
O75368,20,0,0.0
O75369,20,0,0.0
O75390,20,0,0.0
O75396,20,0,0.0
O75410,20,0,0.0
O75431,20,0,0.0
O75436,20,0,0.0
O75477,20,0,0.0
O75489,20,0,0.0
O75531,20,0,0.0
O75533,20,0,0.0
O75569,20,0,0.0
O75608,20,0,0.0
O75643,20,0,0.0
O75781,20,0,0.0
O75821,20,0,0.0
O75828,20,0,0.0
O75832,20,0,0.0
O75874,20,0,0.0
O75882,20,0,0.0
O75891,20,0,0.0
O75915,20,0,0.0
O75935,20,0,0.0
O75937,20,0,0.0
O75947,20,0,0.0
O75955,20,0,0.0
O76003,20,0,0.0
O76024,20,0,0.0
O76062,20,0,0.0
O76070,20,0,0.0
O94760,20,0,0.0
O94788,20,0,0.0
O94804,20,0,0.0
O94826,20,0,0.0
O94875,20,0,0.0
O94903,20,0,0.0
O94905,20,0,0.0
O94911,20,0,0.0
O94919,20,0,0.0
O94973,20,0,0.0
O94979,20,0,0.0
O95168,20,0,0.0
O95169,20,0,0.0
O95197,20,0,0.0
O95202,20,0,0.0
O95210,20,0,0.0
O95292,20,0,0.0
O95295,20,0,0.0
O95299,20,0,0.0
O95336,20,0,0.0
O95340,20,0,0.0
O95359,20,0,0.0
O95372,20,0,0.0
O95373,20,0,0.0
O95379,20,0,0.0
O95394,20,0,0.0
O95445,20,0,0.0
O95479,20,0,0.0
O95571,20,0,0.0
O95573,20,0,0.0
O95747,20,0,0.0
O95782,20,0,0.0
O95793,20,0,0.0
O95810,20,0,0.0
O95817,20,0,0.0
O95825,20,0,0.0
O95831,20,0,0.0
O95865,20,0,0.0
O95881,20,0,0.0
O96000,20,0,0.0
P00167,20,0,0.0
P00325,20,0,0.0
P00326,20,0,0.0
P00338,20,0,0.0
P00352,20,0,0.0
P00367,20,0,0.0
P00387,20,0,0.0
P00390,20,0,0.0
P00395,20,0,0.0
P00403,20,0,0.0
P00441,20,0,0.0
P00450,20,0,0.0
P00488,20,0,0.0
P00491,20,0,0.0
P00492,20,0,0.0
P00505,20,0,0.0
P00558,20,0,0.0
P00568,20,0,0.0
P00734,20,0,0.0
P00736,20,0,0.0
P00738,20,0,0.0
P00739,20,0,0.0
P00746,20,0,0.0
P00747,20,0,0.0
P00748,20,0,0.0
P00751,20,0,0.0
P00813,20,0,0.0
P00846,20,0,0.0
P00915,20,0,0.0
P00918,20,0,0.0
P00966,20,0,0.0
P01008,20,0,0.0
P01009,20,0,0.0
P01011,20,0,0.0
P01019,20,0,0.0
P01023,20,0,0.0
P01024,20,0,0.0
P01031,20,0,0.0
P01034,20,0,0.0
P01040,20,0,0.0
P01042,20,0,0.0
P01116,20,0,0.0
P01591,20,0,0.0
P01594,20,0,0.0
P04432,20,0,0.0
P01599,20,0,0.0
P01602,20,0,0.0
P01619,20,0,0.0
P01624,20,0,0.0
P01700,20,0,0.0
P01705,20,0,0.0
P01714,20,0,0.0
P01742,20,0,0.0
P0DP03,20,0,0.0
P01780,20,0,0.0
P0DP04,20,0,0.0
P01834,20,0,0.0
P01857,20,0,0.0
P01859,20,0,0.0
P01860,20,0,0.0
P01861,20,0,0.0
P01871,20,0,0.0
P01876,20,0,0.0
P01877,20,0,0.0
P01880,20,0,0.0
P01892,20,0,0.0
P01903,20,0,0.0
P02042,20,0,0.0
P02452,20,0,0.0
P02462,20,0,0.0
P02511,20,0,0.0
P02545,20,0,0.0
P02549,20,0,0.0
P02647,20,0,0.0
P02649,20,0,0.0
P02652,20,0,0.0
P02654,20,0,0.0
P02655,20,0,0.0
P02656,20,0,0.0
P02671,20,0,0.0
P02675,20,0,0.0
P02679,20,0,0.0
P02724,20,0,0.0
P02730,20,0,0.0
P02743,20,0,0.0
P02747,20,0,0.0
P02748,20,0,0.0
P02749,20,0,0.0
P02750,20,0,0.0
P02751,20,0,0.0
P02753,20,0,0.0
P02760,20,0,0.0
P02763,20,0,0.0
P02765,20,0,0.0
P02766,20,0,0.0
P02774,20,0,0.0
P02775,20,0,0.0
P02776,20,0,0.0
P02787,20,0,0.0
P02790,20,0,0.0
P02792,20,0,0.0
P02794,20,0,0.0
P02795,20,0,0.0
P03950,20,0,0.0
P03952,20,0,0.0
P04003,20,0,0.0
P04040,20,0,0.0
P04075,20,0,0.0
P04080,20,0,0.0
P04083,20,0,0.0
P04114,20,0,0.0
P04179,20,0,0.0
P04180,20,0,0.0
P04196,20,0,0.0
P04216,20,0,0.0
P04217,20,0,0.0
P04233,20,0,0.0
P04264,20,0,0.0
P04271,20,0,0.0
P04275,20,0,0.0
P04406,20,0,0.0
P04424,20,0,0.0
P04430,20,0,0.0
P04632,20,0,0.0
P04792,20,0,0.0
P04843,20,0,0.0
P04844,20,0,0.0
P04899,20,0,0.0
Q99878,20,0,0.0
P05023,20,0,0.0
P05090,20,0,0.0
P05091,20,0,0.0
P05109,20,0,0.0
P05141,20,0,0.0
P05155,20,0,0.0
P05156,20,0,0.0
P05161,20,0,0.0
P05165,20,0,0.0
P05166,20,0,0.0
P05204,20,0,0.0
P05230,20,0,0.0
P05362,20,0,0.0
P05386,20,0,0.0
P05387,20,0,0.0
P05388,20,0,0.0
P05413,20,0,0.0
P05452,20,0,0.0
P05455,20,0,0.0
P05534,20,0,0.0
P05543,20,0,0.0
P05546,20,0,0.0
P05556,20,0,0.0
P05783,20,0,0.0
P05976,20,0,0.0
P06132,20,0,0.0
P06312,20,0,0.0
P06331,20,0,0.0
P06396,20,0,0.0
P06454,20,0,0.0
P06681,20,0,0.0
P06702,20,0,0.0
P06703,20,0,0.0
P06727,20,0,0.0
P06730,20,0,0.0
P06733,20,0,0.0
P06737,20,0,0.0
P06744,20,0,0.0
P06748,20,0,0.0
P06753,20,0,0.0
P06756,20,0,0.0
P06865,20,0,0.0
P07099,20,0,0.0
P07108,20,0,0.0
P07195,20,0,0.0
P07203,20,0,0.0
P07225,20,0,0.0
P07237,20,0,0.0
P07305,20,0,0.0
P07311,20,0,0.0
P07339,20,0,0.0
P07355,20,0,0.0
P07357,20,0,0.0
P07358,20,0,0.0
P07384,20,0,0.0
P07437,20,0,0.0
P07451,20,0,0.0
P07585,20,0,0.0
P07602,20,0,0.0
P07686,20,0,0.0
P07737,20,0,0.0
P07738,20,0,0.0
P07741,20,0,0.0
P07814,20,0,0.0
P07858,20,0,0.0
P07900,20,0,0.0
P07910,20,0,0.0
P07919,20,0,0.0
P07942,20,0,0.0
P07947,20,0,0.0
P07954,20,0,0.0
P07996,20,0,0.0
P07998,20,0,0.0
P08123,20,0,0.0
P08133,20,0,0.0
P08134,20,0,0.0
P08185,20,0,0.0
P08236,20,0,0.0
P08237,20,0,0.0
P08238,20,0,0.0
P08294,20,0,0.0
P08311,20,0,0.0
P08397,20,0,0.0
P08559,20,0,0.0
P08571,20,0,0.0
P08572,20,0,0.0
P08574,20,0,0.0
P08603,20,0,0.0
P08621,20,0,0.0
P08670,20,0,0.0
P08697,20,0,0.0
P08708,20,0,0.0
P08727,20,0,0.0
P08754,20,0,0.0
P08758,20,0,0.0
P08865,20,0,0.0
P08962,20,0,0.0
P09104,20,0,0.0
P09110,20,0,0.0
P09211,20,0,0.0
P09382,20,0,0.0
P09417,20,0,0.0
P09429,20,0,0.0
P09455,20,0,0.0
P09467,20,0,0.0
P09486,20,0,0.0
P09488,20,0,0.0
P09493,20,0,0.0
P09496,20,0,0.0
P09497,20,0,0.0
P09525,20,0,0.0
P09543,20,0,0.0
P09601,20,0,0.0
P09619,20,0,0.0
P09651,20,0,0.0
P09661,20,0,0.0
P09669,20,0,0.0
P09871,20,0,0.0
P09874,20,0,0.0
P09936,20,0,0.0
P09960,20,0,0.0
P09972,20,0,0.0
P0C0L4,20,0,0.0
P0C0L5,20,0,0.0
P62987,20,0,0.0
P0DJI8,20,0,0.0
P0DMN0,20,0,0.0
P0DMV9,20,0,0.0
P0DN76,20,0,0.0
P0DOY3,20,0,0.0
P0DP25,20,0,0.0
P10155,20,0,0.0
P10253,20,0,0.0
P10301,20,0,0.0
P10412,20,0,0.0
P10599,20,0,0.0
P10606,20,0,0.0
P10619,20,0,0.0
P10620,20,0,0.0
P10636,20,0,0.0
P10643,20,0,0.0
P10644,20,0,0.0
P10768,20,0,0.0
P10909,20,0,0.0
P11021,20,0,0.0
P11047,20,0,0.0
P11142,20,0,0.0
P11166,20,0,0.0
P11171,20,0,0.0
P11177,20,0,0.0
P11216,20,0,0.0
P11217,20,0,0.0
P11233,20,0,0.0
P11277,20,0,0.0
P11279,20,0,0.0
P11310,20,0,0.0
P11413,20,0,0.0
P11498,20,0,0.0
P11532,20,0,0.0
P11586,20,0,0.0
P11766,20,0,0.0
P11940,20,0,0.0
P12004,20,0,0.0
P12109,20,0,0.0
P12110,20,0,0.0
P12111,20,0,0.0
P12235,20,0,0.0
P12236,20,0,0.0
P12268,20,0,0.0
P12277,20,0,0.0
P12429,20,0,0.0
P12532,20,0,0.0
P12694,20,0,0.0
P12814,20,0,0.0
P12955,20,0,0.0
P12956,20,0,0.0
P13010,20,0,0.0
P13073,20,0,0.0
P13284,20,0,0.0
P13473,20,0,0.0
P13489,20,0,0.0
P13611,20,0,0.0
P13639,20,0,0.0
P13667,20,0,0.0
P13671,20,0,0.0
P13693,20,0,0.0
P13716,20,0,0.0
P13796,20,0,0.0
P13797,20,0,0.0
P13798,20,0,0.0
P13804,20,0,0.0
P13807,20,0,0.0
P13861,20,0,0.0
P13928,20,0,0.0
P13987,20,0,0.0
P14174,20,0,0.0
P14207,20,0,0.0
P14209,20,0,0.0
P14314,20,0,0.0
P14317,20,0,0.0
P14324,20,0,0.0
P14384,20,0,0.0
P14406,20,0,0.0
P14543,20,0,0.0
P14550,20,0,0.0
P14618,20,0,0.0
P14621,20,0,0.0
P14625,20,0,0.0
P14854,20,0,0.0
P14866,20,0,0.0
P14868,20,0,0.0
P14927,20,0,0.0
P15088,20,0,0.0
P15090,20,0,0.0
P15104,20,0,0.0
P15121,20,0,0.0
P15144,20,0,0.0
P15169,20,0,0.0
P15170,20,0,0.0
P15311,20,0,0.0
P15374,20,0,0.0
P15531,20,0,0.0
P15559,20,0,0.0
P15586,20,0,0.0
P15880,20,0,0.0
P15924,20,0,0.0
P16050,20,0,0.0
P16070,20,0,0.0
P16083,20,0,0.0
P16152,20,0,0.0
P16157,20,0,0.0
P16219,20,0,0.0
P16298,20,0,0.0
P16401,20,0,0.0
P16402,20,0,0.0
P16403,20,0,0.0
P16435,20,0,0.0
P16452,20,0,0.0
P16615,20,0,0.0
P16671,20,0,0.0
P16930,20,0,0.0
P16949,20,0,0.0
P16989,20,0,0.0
P17050,20,0,0.0
P17066,20,0,0.0
P17174,20,0,0.0
P17612,20,0,0.0
P17655,20,0,0.0
P17661,20,0,0.0
P17858,20,0,0.0
P17931,20,0,0.0
P17980,20,0,0.0
P17987,20,0,0.0
P18085,20,0,0.0
P18124,20,0,0.0
P18206,20,0,0.0
P18621,20,0,0.0
P18669,20,0,0.0
P18859,20,0,0.0
P19338,20,0,0.0
P19367,20,0,0.0
P19404,20,0,0.0
P19623,20,0,0.0
P19652,20,0,0.0
P19823,20,0,0.0
P19827,20,0,0.0
P19838,20,0,0.0
P19971,20,0,0.0
P20036,20,0,0.0
P20042,20,0,0.0
P20073,20,0,0.0
Q15661,20,0,0.0
P20290,20,0,0.0
P20292,20,0,0.0
P20339,20,0,0.0
P20340,20,0,0.0
P20618,20,0,0.0
P20674,20,0,0.0
P20700,20,0,0.0
P20742,20,0,0.0
P20774,20,0,0.0
P20810,20,0,0.0
P20962,20,0,0.0
P21266,20,0,0.0
P21281,20,0,0.0
P21291,20,0,0.0
P21333,20,0,0.0
P21397,20,0,0.0
P21399,20,0,0.0
P21589,20,0,0.0
P21695,20,0,0.0
P21796,20,0,0.0
P21810,20,0,0.0
P21912,20,0,0.0
P21926,20,0,0.0
P21964,20,0,0.0
P21980,20,0,0.0
P22059,20,0,0.0
P22061,20,0,0.0
P22102,20,0,0.0
P22105,20,0,0.0
P22234,20,0,0.0
P22307,20,0,0.0
P22314,20,0,0.0
P22352,20,0,0.0
P22392,20,0,0.0
P22626,20,0,0.0
P22676,20,0,0.0
P22695,20,0,0.0
P22792,20,0,0.0
P22897,20,0,0.0
P23083,20,0,0.0
P23141,20,0,0.0
P23142,20,0,0.0
P23193,20,0,0.0
P23229,20,0,0.0
P23246,20,0,0.0
P23284,20,0,0.0
P23297,20,0,0.0
P23368,20,0,0.0
P23381,20,0,0.0
P23396,20,0,0.0
P23526,20,0,0.0
P23528,20,0,0.0
P23588,20,0,0.0
P23634,20,0,0.0
P23946,20,0,0.0
P24158,20,0,0.0
P24298,20,0,0.0
P24310,20,0,0.0
P24534,20,0,0.0
P24539,20,0,0.0
P24666,20,0,0.0
P24752,20,0,0.0
P24844,20,0,0.0
P25311,20,0,0.0
P25325,20,0,0.0
P25398,20,0,0.0
P25685,20,0,0.0
P25786,20,0,0.0
P25787,20,0,0.0
P25788,20,0,0.0
P25789,20,0,0.0
P26038,20,0,0.0
P26196,20,0,0.0
P26368,20,0,0.0
P26373,20,0,0.0
P26440,20,0,0.0
P26447,20,0,0.0
P26583,20,0,0.0
P26599,20,0,0.0
P26639,20,0,0.0
P26640,20,0,0.0
P26641,20,0,0.0
P26885,20,0,0.0
P27105,20,0,0.0
P27144,20,0,0.0
P27169,20,0,0.0
P27338,20,0,0.0
P27348,20,0,0.0
P27361,20,0,0.0
P27487,20,0,0.0
P27695,20,0,0.0
P27797,20,0,0.0
P27816,20,0,0.0
P27824,20,0,0.0
P28065,20,0,0.0
P28066,20,0,0.0
P28070,20,0,0.0
P28072,20,0,0.0
P28074,20,0,0.0
P28161,20,0,0.0
P28289,20,0,0.0
P28331,20,0,0.0
P28482,20,0,0.0
P28799,20,0,0.0
P28838,20,0,0.0
P28906,20,0,0.0
P29218,20,0,0.0
P29401,20,0,0.0
P29466,20,0,0.0
P29536,20,0,0.0
P29590,20,0,0.0
P29622,20,0,0.0
P29692,20,0,0.0
P29966,20,0,0.0
P29972,20,0,0.0
P29992,20,0,0.0
P30038,20,0,0.0
P30040,20,0,0.0
P30041,20,0,0.0
P30042,20,0,0.0
P30043,20,0,0.0
P30044,20,0,0.0
P30046,20,0,0.0
P30047,20,0,0.0
P30048,20,0,0.0
P30049,20,0,0.0
P30050,20,0,0.0
P30085,20,0,0.0
P30086,20,0,0.0
P30101,20,0,0.0
P30153,20,0,0.0
P30480,20,0,0.0
P30566,20,0,0.0
P30613,20,0,0.0
P30626,20,0,0.0
P30711,20,0,0.0
P30740,20,0,0.0
P30837,20,0,0.0
P31146,20,0,0.0
P31150,20,0,0.0
P31153,20,0,0.0
P31323,20,0,0.0
P31689,20,0,0.0
P31930,20,0,0.0
P31937,20,0,0.0
P31939,20,0,0.0
P31942,20,0,0.0
P31943,20,0,0.0
P31946,20,0,0.0
P31948,20,0,0.0
P31949,20,0,0.0
P32119,20,0,0.0
P32455,20,0,0.0
P32456,20,0,0.0
P32969,20,0,0.0
P33121,20,0,0.0
P33176,20,0,0.0
P33241,20,0,0.0
P33316,20,0,0.0
P34810,20,0,0.0
P34913,20,0,0.0
P34932,20,0,0.0
P34949,20,0,0.0
P35080,20,0,0.0
P35221,20,0,0.0
P35222,20,0,0.0
P35232,20,0,0.0
P35237,20,0,0.0
P35241,20,0,0.0
P35268,20,0,0.0
P35270,20,0,0.0
P35542,20,0,0.0
P35555,20,0,0.0
P35573,20,0,0.0
P35579,20,0,0.0
P35580,20,0,0.0
P35606,20,0,0.0
P35611,20,0,0.0
P35613,20,0,0.0
P35637,20,0,0.0
P35659,20,0,0.0
P35749,20,0,0.0
P35754,20,0,0.0
P35813,20,0,0.0
P35858,20,0,0.0
P35998,20,0,0.0
P36269,20,0,0.0
P36405,20,0,0.0
P36507,20,0,0.0
P36543,20,0,0.0
P36578,20,0,0.0
P36776,20,0,0.0
P36871,20,0,0.0
P36955,20,0,0.0
P36957,20,0,0.0
P36969,20,0,0.0
P36980,20,0,0.0
P37108,20,0,0.0
P37198,20,0,0.0
P37802,20,0,0.0
P37837,20,0,0.0
P37840,20,0,0.0
P38117,20,0,0.0
P38159,20,0,0.0
P38606,20,0,0.0
P38646,20,0,0.0
P39019,20,0,0.0
P39023,20,0,0.0
P39059,20,0,0.0
P39060,20,0,0.0
P39656,20,0,0.0
P39687,20,0,0.0
P40121,20,0,0.0
P40123,20,0,0.0
P40227,20,0,0.0
P40261,20,0,0.0
P40306,20,0,0.0
P40616,20,0,0.0
P40763,20,0,0.0
P40855,20,0,0.0
P40925,20,0,0.0
P40926,20,0,0.0
P40939,20,0,0.0
P41091,20,0,0.0
P41208,20,0,0.0
P41222,20,0,0.0
P41226,20,0,0.0
P41250,20,0,0.0
P41252,20,0,0.0
P42025,20,0,0.0
P42126,20,0,0.0
P42167,20,0,0.0
P42224,20,0,0.0
P42330,20,0,0.0
P42566,20,0,0.0
P42677,20,0,0.0
P42704,20,0,0.0
P42765,20,0,0.0
P43034,20,0,0.0
P43121,20,0,0.0
P43243,20,0,0.0
P43251,20,0,0.0
P43307,20,0,0.0
P43487,20,0,0.0
P43490,20,0,0.0
P43652,20,0,0.0
P43686,20,0,0.0
P45381,20,0,0.0
P45880,20,0,0.0
P45954,20,0,0.0
P45974,20,0,0.0
P46108,20,0,0.0
P46109,20,0,0.0
P46439,20,0,0.0
P46459,20,0,0.0
P46776,20,0,0.0
P46777,20,0,0.0
P46781,20,0,0.0
P46782,20,0,0.0
P46783,20,0,0.0
P46821,20,0,0.0
P46926,20,0,0.0
P46937,20,0,0.0
P46939,20,0,0.0
P46940,20,0,0.0
P46952,20,0,0.0
P46976,20,0,0.0
P47755,20,0,0.0
P47756,20,0,0.0
P47895,20,0,0.0
P47897,20,0,0.0
P47914,20,0,0.0
P47985,20,0,0.0
P48047,20,0,0.0
P48059,20,0,0.0
P48147,20,0,0.0
P48163,20,0,0.0
P48444,20,0,0.0
P48506,20,0,0.0
P48507,20,0,0.0
P48556,20,0,0.0
P48637,20,0,0.0
P48643,20,0,0.0
P48681,20,0,0.0
P48735,20,0,0.0
P48739,20,0,0.0
P49006,20,0,0.0
P49023,20,0,0.0
P49189,20,0,0.0
P49257,20,0,0.0
P49354,20,0,0.0
P49368,20,0,0.0
P49407,20,0,0.0
P49411,20,0,0.0
P49419,20,0,0.0
P49588,20,0,0.0
P49589,20,0,0.0
P49591,20,0,0.0
P49593,20,0,0.0
P49711,20,0,0.0
P49720,20,0,0.0
P49721,20,0,0.0
P49748,20,0,0.0
P49755,20,0,0.0
P49773,20,0,0.0
P49792,20,0,0.0
P49821,20,0,0.0
P49903,20,0,0.0
P49908,20,0,0.0
P49915,20,0,0.0
P50135,20,0,0.0
P50148,20,0,0.0
P50213,20,0,0.0
P50225,20,0,0.0
P50238,20,0,0.0
P50395,20,0,0.0
P50402,20,0,0.0
P50453,20,0,0.0
P50454,20,0,0.0
P50502,20,0,0.0
P50552,20,0,0.0
P50570,20,0,0.0
P50895,20,0,0.0
P50897,20,0,0.0
P50990,20,0,0.0
P50991,20,0,0.0
P50995,20,0,0.0
P51148,20,0,0.0
P51149,20,0,0.0
P51178,20,0,0.0
P51452,20,0,0.0
P51553,20,0,0.0
P51570,20,0,0.0
P51572,20,0,0.0
P51608,20,0,0.0
P51636,20,0,0.0
P51648,20,0,0.0
P51649,20,0,0.0
P51659,20,0,0.0
P51665,20,0,0.0
P51687,20,0,0.0
P51858,20,0,0.0
P51884,20,0,0.0
P51888,20,0,0.0
P51911,20,0,0.0
P51991,20,0,0.0
P52209,20,0,0.0
P52272,20,0,0.0
P52306,20,0,0.0
P52565,20,0,0.0
P52566,20,0,0.0
P52594,20,0,0.0
P52597,20,0,0.0
P52758,20,0,0.0
P52788,20,0,0.0
P52895,20,0,0.0
P52907,20,0,0.0
P52943,20,0,0.0
P53004,20,0,0.0
P53007,20,0,0.0
P53396,20,0,0.0
P53597,20,0,0.0
P53618,20,0,0.0
P53621,20,0,0.0
P53634,20,0,0.0
P53985,20,0,0.0
P53999,20,0,0.0
P54136,20,0,0.0
P54289,20,0,0.0
P54577,20,0,0.0
P54578,20,0,0.0
P54652,20,0,0.0
P54709,20,0,0.0
P54725,20,0,0.0
P54727,20,0,0.0
P54819,20,0,0.0
P54920,20,0,0.0
P55010,20,0,0.0
P55036,20,0,0.0
P55058,20,0,0.0
P55060,20,0,0.0
P55072,20,0,0.0
P55083,20,0,0.0
P55084,20,0,0.0
P55196,20,0,0.0
P55209,20,0,0.0
P55263,20,0,0.0
P55268,20,0,0.0
P55290,20,0,0.0
P55735,20,0,0.0
P55769,20,0,0.0
P55786,20,0,0.0
P55795,20,0,0.0
P55809,20,0,0.0
P55884,20,0,0.0
P55899,20,0,0.0
P55957,20,0,0.0
P56134,20,0,0.0
P56192,20,0,0.0
P56199,20,0,0.0
P56385,20,0,0.0
P56537,20,0,0.0
P57737,20,0,0.0
P58546,20,0,0.0
P59666,20,0,0.0
P59768,20,0,0.0
P59998,20,0,0.0
P60033,20,0,0.0
P60174,20,0,0.0
P60468,20,0,0.0
P60660,20,0,0.0
P60709,20,0,0.0
P60842,20,0,0.0
P60866,20,0,0.0
P60891,20,0,0.0
P60900,20,0,0.0
P60903,20,0,0.0
P60953,20,0,0.0
P60981,20,0,0.0
P60983,20,0,0.0
P61019,20,0,0.0
P61020,20,0,0.0
P61026,20,0,0.0
P62837,20,0,0.0
P61081,20,0,0.0
P61086,20,0,0.0
P61088,20,0,0.0
P61106,20,0,0.0
P61158,20,0,0.0
P61160,20,0,0.0
P61163,20,0,0.0
P61201,20,0,0.0
P84077,20,0,0.0
P61224,20,0,0.0
P61225,20,0,0.0
P61247,20,0,0.0
P61254,20,0,0.0
P61313,20,0,0.0
P61353,20,0,0.0
P61457,20,0,0.0
P61586,20,0,0.0
P61604,20,0,0.0
P61626,20,0,0.0
P61758,20,0,0.0
P61764,20,0,0.0
P61769,20,0,0.0
P61803,20,0,0.0
P61916,20,0,0.0
P61923,20,0,0.0
P61956,20,0,0.0
P61960,20,0,0.0
P61970,20,0,0.0
P61978,20,0,0.0
P61981,20,0,0.0
P62070,20,0,0.0
P62081,20,0,0.0
P62136,20,0,0.0
P62140,20,0,0.0
P62191,20,0,0.0
P62195,20,0,0.0
P62241,20,0,0.0
P62244,20,0,0.0
P62249,20,0,0.0
P62258,20,0,0.0
P62263,20,0,0.0
P62269,20,0,0.0
P62273,20,0,0.0
P62277,20,0,0.0
P62280,20,0,0.0
P62306,20,0,0.0
P62310,20,0,0.0
P62314,20,0,0.0
P62316,20,0,0.0
P62318,20,0,0.0
P62328,20,0,0.0
P62333,20,0,0.0
P62495,20,0,0.0
P62701,20,0,0.0
P62736,20,0,0.0
P62750,20,0,0.0
P62753,20,0,0.0
P62805,20,0,0.0
P62820,20,0,0.0
P62826,20,0,0.0
P62829,20,0,0.0
P62834,20,0,0.0
P62841,20,0,0.0
P62851,20,0,0.0
P62854,20,0,0.0
P62857,20,0,0.0
P62861,20,0,0.0
P62873,20,0,0.0
P62877,20,0,0.0
P62879,20,0,0.0
P62906,20,0,0.0
P62910,20,0,0.0
P62913,20,0,0.0
P62917,20,0,0.0
P62937,20,0,0.0
P62942,20,0,0.0
P62993,20,0,0.0
P63000,20,0,0.0
P63010,20,0,0.0
P63027,20,0,0.0
P63092,20,0,0.0
P63096,20,0,0.0
P63104,20,0,0.0
P63151,20,0,0.0
P63165,20,0,0.0
P63167,20,0,0.0
P63172,20,0,0.0
P63173,20,0,0.0
P63208,20,0,0.0
P63220,20,0,0.0
P63241,20,0,0.0
P63244,20,0,0.0
P63261,20,0,0.0
P63279,20,0,0.0
P63313,20,0,0.0
P67775,20,0,0.0
P67809,20,0,0.0
P67936,20,0,0.0
P68036,20,0,0.0
P68104,20,0,0.0
P68363,20,0,0.0
P68366,20,0,0.0
P68371,20,0,0.0
P68402,20,0,0.0
P68871,20,0,0.0
P69891,20,0,0.0
P69892,20,0,0.0
P69905,20,0,0.0
Q5TFQ8,20,0,0.0
P78363,20,0,0.0
P78371,20,0,0.0
P78417,20,0,0.0
P80188,20,0,0.0
P80723,20,0,0.0
P80748,20,0,0.0
P82909,20,0,0.0
P83731,20,0,0.0
P83916,20,0,0.0
P84085,20,0,0.0
P84090,20,0,0.0
P84095,20,0,0.0
P84098,20,0,0.0
P84103,20,0,0.0
P84157,20,0,0.0
P84243,20,0,0.0
P86791,20,0,0.0
P98082,20,0,0.0
P98095,20,0,0.0
P98160,20,0,0.0
P98172,20,0,0.0
P99999,20,0,0.0
Q00013,20,0,0.0
Q00169,20,0,0.0
Q00325,20,0,0.0
Q00341,20,0,0.0
Q00577,20,0,0.0
Q00587,20,0,0.0
Q00610,20,0,0.0
Q00688,20,0,0.0
Q00765,20,0,0.0
Q00796,20,0,0.0
Q00839,20,0,0.0
Q01082,20,0,0.0
Q01105,20,0,0.0
Q01130,20,0,0.0
Q01469,20,0,0.0
Q01518,20,0,0.0
Q01628,20,0,0.0
Q01813,20,0,0.0
Q01844,20,0,0.0
Q01995,20,0,0.0
Q02218,20,0,0.0
Q02224,20,0,0.0
Q02252,20,0,0.0
Q02790,20,0,0.0
Q02818,20,0,0.0
Q02878,20,0,0.0
Q02952,20,0,0.0
Q03135,20,0,0.0
Q03154,20,0,0.0
Q03164,20,0,0.0
Q03252,20,0,0.0
Q03591,20,0,0.0
Q04323,20,0,0.0
Q04446,20,0,0.0
Q04637,20,0,0.0
Q04760,20,0,0.0
Q04828,20,0,0.0
Q04917,20,0,0.0
Q04941,20,0,0.0
Q05469,20,0,0.0
Q05682,20,0,0.0
Q05707,20,0,0.0
Q06033,20,0,0.0
Q06124,20,0,0.0
Q06210,20,0,0.0
Q06278,20,0,0.0
Q06323,20,0,0.0
Q06830,20,0,0.0
Q07020,20,0,0.0
Q07021,20,0,0.0
Q07065,20,0,0.0
Q07157,20,0,0.0
Q07666,20,0,0.0
Q07820,20,0,0.0
Q07866,20,0,0.0
Q07954,20,0,0.0
Q07955,20,0,0.0
Q07960,20,0,0.0
Q08209,20,0,0.0
Q08211,20,0,0.0
Q08257,20,0,0.0
Q08380,20,0,0.0
Q08495,20,0,0.0
Q08623,20,0,0.0
Q09028,20,0,0.0
Q09666,20,0,0.0
Q10567,20,0,0.0
Q10588,20,0,0.0
Q10589,20,0,0.0
Q10713,20,0,0.0
Q12765,20,0,0.0
Q12797,20,0,0.0
Q12805,20,0,0.0
Q12841,20,0,0.0
Q12882,20,0,0.0
Q12904,20,0,0.0
Q12905,20,0,0.0
Q12906,20,0,0.0
Q12907,20,0,0.0
Q12974,20,0,0.0
Q13011,20,0,0.0
Q13045,20,0,0.0
Q13057,20,0,0.0
Q13085,20,0,0.0
Q13098,20,0,0.0
Q13126,20,0,0.0
Q13148,20,0,0.0
Q13151,20,0,0.0
Q13155,20,0,0.0
Q13162,20,0,0.0
Q13177,20,0,0.0
Q13185,20,0,0.0
Q13200,20,0,0.0
Q13228,20,0,0.0
Q13232,20,0,0.0
Q13263,20,0,0.0
Q13283,20,0,0.0
Q13347,20,0,0.0
Q13361,20,0,0.0
Q13363,20,0,0.0
Q13404,20,0,0.0
Q13409,20,0,0.0
Q13418,20,0,0.0
Q13421,20,0,0.0
Q13423,20,0,0.0
Q13425,20,0,0.0
Q13428,20,0,0.0
Q13435,20,0,0.0
Q13442,20,0,0.0
Q13464,20,0,0.0
Q13492,20,0,0.0
Q13501,20,0,0.0
Q13510,20,0,0.0
Q13522,20,0,0.0
Q13526,20,0,0.0
Q13557,20,0,0.0
Q13561,20,0,0.0
Q13564,20,0,0.0
Q13576,20,0,0.0
Q13596,20,0,0.0
Q13617,20,0,0.0
Q13630,20,0,0.0
Q13642,20,0,0.0
Q13683,20,0,0.0
Q13790,20,0,0.0
Q13813,20,0,0.0
Q13838,20,0,0.0
Q13867,20,0,0.0
Q13885,20,0,0.0
Q14005,20,0,0.0
Q14012,20,0,0.0
Q14019,20,0,0.0
Q14061,20,0,0.0
Q14103,20,0,0.0
Q14108,20,0,0.0
Q14112,20,0,0.0
Q14116,20,0,0.0
Q14118,20,0,0.0
Q14141,20,0,0.0
Q14151,20,0,0.0
Q14152,20,0,0.0
Q14155,20,0,0.0
Q14161,20,0,0.0
Q14165,20,0,0.0
Q14195,20,0,0.0
Q14203,20,0,0.0
Q14204,20,0,0.0
Q14240,20,0,0.0
Q14247,20,0,0.0
Q14258,20,0,0.0
Q14315,20,0,0.0
Q14376,20,0,0.0
Q14444,20,0,0.0
Q14515,20,0,0.0
Q14624,20,0,0.0
Q14643,20,0,0.0
Q14677,20,0,0.0
Q14696,20,0,0.0
Q14697,20,0,0.0
Q14699,20,0,0.0
Q14764,20,0,0.0
Q14847,20,0,0.0
Q14914,20,0,0.0
Q14956,20,0,0.0
Q14974,20,0,0.0
Q14980,20,0,0.0
Q14997,20,0,0.0
Q14CZ8,20,0,0.0
Q15005,20,0,0.0
Q15008,20,0,0.0
Q15019,20,0,0.0
Q15046,20,0,0.0
Q15056,20,0,0.0
Q15057,20,0,0.0
Q15063,20,0,0.0
Q15075,20,0,0.0
Q15084,20,0,0.0
Q15102,20,0,0.0
Q15113,20,0,0.0
Q15121,20,0,0.0
Q15124,20,0,0.0
Q15149,20,0,0.0
Q15165,20,0,0.0
Q15181,20,0,0.0
Q15185,20,0,0.0
Q15233,20,0,0.0
Q15257,20,0,0.0
Q15274,20,0,0.0
Q15293,20,0,0.0
Q15363,20,0,0.0
Q15365,20,0,0.0
Q15366,20,0,0.0
Q15369,20,0,0.0
Q15370,20,0,0.0
Q15404,20,0,0.0
Q15417,20,0,0.0
Q15427,20,0,0.0
Q15435,20,0,0.0
Q15436,20,0,0.0
Q15459,20,0,0.0
Q15582,20,0,0.0
Q15631,20,0,0.0
Q15637,20,0,0.0
Q15642,20,0,0.0
Q15649,20,0,0.0
Q15654,20,0,0.0
Q15691,20,0,0.0
Q15714,20,0,0.0
Q15717,20,0,0.0
Q15746,20,0,0.0
Q15811,20,0,0.0
Q15819,20,0,0.0
Q15836,20,0,0.0
Q15847,20,0,0.0
Q15848,20,0,0.0
Q15907,20,0,0.0
Q15942,20,0,0.0
Q16134,20,0,0.0
Q16181,20,0,0.0
Q16186,20,0,0.0
Q16270,20,0,0.0
Q16363,20,0,0.0
Q16401,20,0,0.0
Q16527,20,0,0.0
Q16531,20,0,0.0
Q16543,20,0,0.0
Q16555,20,0,0.0
Q16563,20,0,0.0
Q16630,20,0,0.0
Q16643,20,0,0.0
Q16647,20,0,0.0
Q16658,20,0,0.0
Q16666,20,0,0.0
Q16698,20,0,0.0
Q16718,20,0,0.0
Q16740,20,0,0.0
Q16762,20,0,0.0
Q16774,20,0,0.0
Q16775,20,0,0.0
Q16795,20,0,0.0
Q16799,20,0,0.0
Q16822,20,0,0.0
Q16851,20,0,0.0
Q16853,20,0,0.0
Q16881,20,0,0.0
Q16891,20,0,0.0
Q1KMD3,20,0,0.0
Q27J81,20,0,0.0
Q29974,20,0,0.0
Q2TAA2,20,0,0.0
Q32MZ4,20,0,0.0
Q3KQU3,20,0,0.0
Q3LXA3,20,0,0.0
Q3SYG4,20,0,0.0
Q3ZCM7,20,0,0.0
Q4G0P3,20,0,0.0
Q53EL6,20,0,0.0
Q53FA7,20,0,0.0
Q53GG5,20,0,0.0
Q53GQ0,20,0,0.0
Q53H82,20,0,0.0
Q53SF7,20,0,0.0
Q53T59,20,0,0.0
Q53TN4,20,0,0.0
Q58FF8,20,0,0.0
Q5HYK7,20,0,0.0
Q5K4L6,20,0,0.0
Q5R3I4,20,0,0.0
Q5SRE7,20,0,0.0
Q5SSJ5,20,0,0.0
Q5T013,20,0,0.0
Q5T6V5,20,0,0.0
Q5T7N3,20,0,0.0
Q5TDH0,20,0,0.0
Q5TFE4,20,0,0.0
Q5VT66,20,0,0.0
Q5VT79,20,0,0.0
Q5VW32,20,0,0.0
Q5XKP0,20,0,0.0
Q63HR2,20,0,0.0
Q63ZY3,20,0,0.0
Q641Q2,20,0,0.0
Q66K66,20,0,0.0
Q6DD88,20,0,0.0
Q6IAA8,20,0,0.0
Q6IB77,20,0,0.0
Q6IBS0,20,0,0.0
Q6ICL3,20,0,0.0
Q6NUK1,20,0,0.0
Q6NUM9,20,0,0.0
Q6NVY1,20,0,0.0
Q6NZI2,20,0,0.0
Q6PCB7,20,0,0.0
Q6UW68,20,0,0.0
Q6UWY5,20,0,0.0
Q6UX71,20,0,0.0
Q6UXG3,20,0,0.0
Q6XQN6,20,0,0.0
Q6YHK3,20,0,0.0
Q6YN16,20,0,0.0
Q6ZVM7,20,0,0.0
Q709C8,20,0,0.0
Q71U36,20,0,0.0
Q7L1Q6,20,0,0.0
Q7L2H7,20,0,0.0
Q7L5N1,20,0,0.0
Q7Z3B1,20,0,0.0
Q7Z434,20,0,0.0
Q7Z4H8,20,0,0.0
Q7Z4I7,20,0,0.0
Q7Z4V5,20,0,0.0
Q7Z4W1,20,0,0.0
Q7Z5L9,20,0,0.0
Q7Z6Z7,20,0,0.0
Q7Z7A1,20,0,0.0
Q7Z7G0,20,0,0.0
Q86SX6,20,0,0.0
Q86TX2,20,0,0.0
Q86UE4,20,0,0.0
Q86UP2,20,0,0.0
Q86UU1,20,0,0.0
Q86UX7,20,0,0.0
Q86V81,20,0,0.0
Q86VB7,20,0,0.0
Q86VP6,20,0,0.0
Q86X76,20,0,0.0
Q86Y82,20,0,0.0
Q8IUX7,20,0,0.0
Q8IUZ5,20,0,0.0
Q8IVM0,20,0,0.0
Q8IVN3,20,0,0.0
Q8IW45,20,0,0.0
Q8IWA5,20,0,0.0
Q8IWE2,20,0,0.0
Q8IXB3,20,0,0.0
Q8IXS6,20,0,0.0
Q8IYT4,20,0,0.0
Q8N0U8,20,0,0.0
Q8N163,20,0,0.0
Q8N1G4,20,0,0.0
Q8N335,20,0,0.0
Q8N3F0,20,0,0.0
Q8N5K1,20,0,0.0
Q8N8N7,20,0,0.0
Q8N9N7,20,0,0.0
Q8NBF2,20,0,0.0
Q8NBQ5,20,0,0.0
Q8NBS9,20,0,0.0
Q8NC51,20,0,0.0
Q8NC56,20,0,0.0
Q8NCW5,20,0,0.0
Q8NDC0,20,0,0.0
Q8NE71,20,0,0.0
Q8NFU3,20,0,0.0
Q8NI22,20,0,0.0
Q8TBC4,20,0,0.0
Q8TCD5,20,0,0.0
Q8TD55,20,0,0.0
Q8TDB4,20,0,0.0
Q8TE73,20,0,0.0
Q8TEA8,20,0,0.0
Q8WTS1,20,0,0.0
Q8WUM0,20,0,0.0
Q8WUM4,20,0,0.0
Q8WUT4,20,0,0.0
Q8WVJ2,20,0,0.0
Q8WVM8,20,0,0.0
Q8WW12,20,0,0.0
Q8WWA0,20,0,0.0
Q8WWM9,20,0,0.0
Q8WX93,20,0,0.0
Q8WXC6,20,0,0.0
Q8WXH0,20,0,0.0
Q8WZ42,20,0,0.0
Q92499,20,0,0.0
Q92522,20,0,0.0
Q92530,20,0,0.0
Q92575,20,0,0.0
Q92597,20,0,0.0
Q92599,20,0,0.0
Q92667,20,0,0.0
Q92734,20,0,0.0
Q92781,20,0,0.0
Q92783,20,0,0.0
Q92804,20,0,0.0
Q92841,20,0,0.0
Q92882,20,0,0.0
Q92890,20,0,0.0
Q92905,20,0,0.0
Q92930,20,0,0.0
Q92945,20,0,0.0
Q92973,20,0,0.0
Q93008,20,0,0.0
Q93052,20,0,0.0
Q93062,20,0,0.0
Q969E4,20,0,0.0
Q969G5,20,0,0.0
Q969H8,20,0,0.0
Q969T9,20,0,0.0
Q969X1,20,0,0.0
Q969Z3,20,0,0.0
Q96A00,20,0,0.0
Q96AB3,20,0,0.0
Q96AC1,20,0,0.0
Q96AD5,20,0,0.0
Q96AE4,20,0,0.0
Q96AG4,20,0,0.0
Q96AM1,20,0,0.0
Q96AP7,20,0,0.0
Q96AQ6,20,0,0.0
Q96AT9,20,0,0.0
Q96B97,20,0,0.0
Q9NVJ2,20,0,0.0
Q96BW5,20,0,0.0
Q96C19,20,0,0.0
Q96C23,20,0,0.0
Q96C86,20,0,0.0
Q96CM8,20,0,0.0
Q96CN7,20,0,0.0
Q96CV9,20,0,0.0
Q96CX2,20,0,0.0
Q96DB5,20,0,0.0
Q96DC8,20,0,0.0
Q96DG6,20,0,0.0
Q96EM0,20,0,0.0
Q96EY8,20,0,0.0
Q96F85,20,0,0.0
Q96FJ2,20,0,0.0
Q96FV2,20,0,0.0
Q96FW1,20,0,0.0
Q96FZ7,20,0,0.0
Q96G03,20,0,0.0
Q96GK7,20,0,0.0
Q96H20,20,0,0.0
Q96HC4,20,0,0.0
Q96HE7,20,0,0.0
Q96I99,20,0,0.0
Q96IJ6,20,0,0.0
Q96IU4,20,0,0.0
Q96IX5,20,0,0.0
Q96IZ0,20,0,0.0
Q96JQ2,20,0,0.0
Q96JY6,20,0,0.0
Q96K17,20,0,0.0
Q96KP4,20,0,0.0
Q96LJ7,20,0,0.0
Q96MM6,20,0,0.0
Q96PD5,20,0,0.0
Q96PU8,20,0,0.0
Q96Q06,20,0,0.0
Q96Q89,20,0,0.0
Q96QK1,20,0,0.0
Q96R05,20,0,0.0
Q96RW7,20,0,0.0
Q96S66,20,0,0.0
Q96S97,20,0,0.0
Q96TC7,20,0,0.0
Q99426,20,0,0.0
Q99436,20,0,0.0
Q99439,20,0,0.0
Q99447,20,0,0.0
Q99460,20,0,0.0
Q99471,20,0,0.0
Q99497,20,0,0.0
Q99536,20,0,0.0
Q99538,20,0,0.0
Q99584,20,0,0.0
Q99598,20,0,0.0
Q99614,20,0,0.0
Q99623,20,0,0.0
Q99627,20,0,0.0
Q99685,20,0,0.0
Q99714,20,0,0.0
Q99729,20,0,0.0
Q99733,20,0,0.0
Q99798,20,0,0.0
Q99829,20,0,0.0
Q99832,20,0,0.0
Q99961,20,0,0.0
Q9BPX5,20,0,0.0
Q9BR76,20,0,0.0
Q9BRA2,20,0,0.0
Q9BRF8,20,0,0.0
Q9BRG1,20,0,0.0
Q9BRP8,20,0,0.0
Q9BRQ8,20,0,0.0
Q9BRT3,20,0,0.0
Q9BRX8,20,0,0.0
Q9BS26,20,0,0.0
Q9BS40,20,0,0.0
Q9BSJ8,20,0,0.0
Q9BSL1,20,0,0.0
Q9BT78,20,0,0.0
Q9BTV4,20,0,0.0
Q9BUF5,20,0,0.0
Q9BUN8,20,0,0.0
Q9BUT1,20,0,0.0
Q9BVC6,20,0,0.0
Q9BVG4,20,0,0.0
Q9BVK6,20,0,0.0
Q9BW30,20,0,0.0
Q9BW60,20,0,0.0
Q9BWD1,20,0,0.0
Q9BX66,20,0,0.0
Q9BX68,20,0,0.0
Q9BXK5,20,0,0.0
Q9BXN1,20,0,0.0
Q9BXS5,20,0,0.0
Q9BXW6,20,0,0.0
Q9BXX0,20,0,0.0
Q9BY32,20,0,0.0
Q9BZL4,20,0,0.0
Q9BZV1,20,0,0.0
Q9BZV2,20,0,0.0
Q9C005,20,0,0.0
Q9C0B1,20,0,0.0
Q9C0C2,20,0,0.0
Q9C0E8,20,0,0.0
Q9GZP4,20,0,0.0
Q9GZS3,20,0,0.0
Q9GZT3,20,0,0.0
Q9GZZ9,20,0,0.0
Q9H008,20,0,0.0
Q9H074,20,0,0.0
Q9H0A8,20,0,0.0
Q9H0E2,20,0,0.0
Q9H0R4,20,0,0.0
Q9H0U4,20,0,0.0
Q9H0W9,20,0,0.0
Q9H223,20,0,0.0
Q9H299,20,0,0.0
Q9H2D6,20,0,0.0
Q9H2U2,20,0,0.0
Q9H3G5,20,0,0.0
Q9H3K6,20,0,0.0
Q9H3Q1,20,0,0.0
Q9H3S7,20,0,0.0
Q9H425,20,0,0.0
Q9H444,20,0,0.0
Q9H4A4,20,0,0.0
Q9H4G4,20,0,0.0
Q9H4M9,20,0,0.0
Q9H7C9,20,0,0.0
Q9H8G2,20,0,0.0
Q9H8H3,20,0,0.0
Q9H8L6,20,0,0.0
Q9H8Y8,20,0,0.0
Q9H9Q2,20,0,0.0
Q9HA64,20,0,0.0
Q9HAV7,20,0,0.0
Q9HB40,20,0,0.0
Q9HB71,20,0,0.0
Q9HBL0,20,0,0.0
Q9HC35,20,0,0.0
Q9HC38,20,0,0.0
Q9HCB6,20,0,0.0
Q9HCC0,20,0,0.0
Q9HCU0,20,0,0.0
Q9HDC9,20,0,0.0
Q9NP72,20,0,0.0
Q9NP74,20,0,0.0
Q9NP79,20,0,0.0
Q9NP97,20,0,0.0
Q9NPH2,20,0,0.0
Q9NPJ3,20,0,0.0
Q9NQ29,20,0,0.0
Q9NQC3,20,0,0.0
Q9NQG5,20,0,0.0
Q9NQR4,20,0,0.0
Q9NQW7,20,0,0.0
Q9NR12,20,0,0.0
Q9NR19,20,0,0.0
Q9NR28,20,0,0.0
Q9NR31,20,0,0.0
Q9NR45,20,0,0.0
Q9NR56,20,0,0.0
Q9NRN5,20,0,0.0
Q9NRP0,20,0,0.0
Q9NRV9,20,0,0.0
Q9NRX4,20,0,0.0
Q9NS86,20,0,0.0
Q9NSE4,20,0,0.0
Q9NT62,20,0,0.0
Q9NTK5,20,0,0.0
Q9NUJ1,20,0,0.0
Q9NUP9,20,0,0.0
Q9NUQ9,20,0,0.0
Q9NUU7,20,0,0.0
Q9NVA2,20,0,0.0
Q9NVD7,20,0,0.0
Q9NVE7,20,0,0.0
Q9NVS9,20,0,0.0
Q9NWV4,20,0,0.0
Q9NX14,20,0,0.0
Q9NX40,20,0,0.0
Q9NX46,20,0,0.0
Q9NX63,20,0,0.0
Q9NXA8,20,0,0.0
Q9NXG2,20,0,0.0
Q9NY15,20,0,0.0
Q9NY33,20,0,0.0
Q9NYL9,20,0,0.0
Q9NYU2,20,0,0.0
Q9NZ01,20,0,0.0
Q9NZ08,20,0,0.0
Q9NZ32,20,0,0.0
Q9NZ45,20,0,0.0
Q9NZA1,20,0,0.0
Q9NZD4,20,0,0.0
Q9NZL9,20,0,0.0
Q9NZM1,20,0,0.0
Q9NZN4,20,0,0.0
Q9NZP8,20,0,0.0
Q9NZR1,20,0,0.0
Q9NZU5,20,0,0.0
Q9NZZ3,20,0,0.0
Q9P000,20,0,0.0
Q9P0L0,20,0,0.0
Q9P0U1,20,0,0.0
Q9P0V9,20,0,0.0
Q9P121,20,0,0.0
Q9P1F3,20,0,0.0
Q9P225,20,0,0.0
Q9P2E9,20,0,0.0
Q9P2J5,20,0,0.0
Q9P2R3,20,0,0.0
Q9P2R7,20,0,0.0
Q9UBC2,20,0,0.0
Q9UBE0,20,0,0.0
Q9UBG0,20,0,0.0
Q9UBI6,20,0,0.0
Q9UBQ0,20,0,0.0
Q9UBQ5,20,0,0.0
Q9UBQ7,20,0,0.0
Q9UBR2,20,0,0.0
Q9UBS4,20,0,0.0
Q9UBT2,20,0,0.0
Q9UBW8,20,0,0.0
Q9UBX5,20,0,0.0
Q9UBY9,20,0,0.0
Q9UD71,20,0,0.0
Q9UDY2,20,0,0.0
Q9UEU0,20,0,0.0
Q9UEY8,20,0,0.0
Q9UFH2,20,0,0.0
Q9UFN0,20,0,0.0
Q9UGI8,20,0,0.0
Q9UHA4,20,0,0.0
Q9UHB6,20,0,0.0
Q9UHD8,20,0,0.0
Q9UHD9,20,0,0.0
Q9UHG3,20,0,0.0
Q9UHL4,20,0,0.0
Q9UHQ9,20,0,0.0
Q9UHV9,20,0,0.0
Q9UHX1,20,0,0.0
Q9UHY7,20,0,0.0
Q9UI09,20,0,0.0
Q9UI12,20,0,0.0
Q9UI30,20,0,0.0
Q9UIJ7,20,0,0.0
Q9UIQ6,20,0,0.0
Q9UJ70,20,0,0.0
Q9UJU6,20,0,0.0
Q9UJW0,20,0,0.0
Q9UJX2,20,0,0.0
Q9UJZ1,20,0,0.0
Q9UK45,20,0,0.0
Q9UKG1,20,0,0.0
Q9UKK9,20,0,0.0
Q9UKY7,20,0,0.0
Q9UL25,20,0,0.0
Q9UL46,20,0,0.0
Q9ULA0,20,0,0.0
Q9ULC4,20,0,0.0
Q9ULE4,20,0,0.0
Q9ULH7,20,0,0.0
Q9ULV4,20,0,0.0
Q9ULZ3,20,0,0.0
Q9UMS0,20,0,0.0
Q9UMS4,20,0,0.0
Q9UMS6,20,0,0.0
Q9UMX0,20,0,0.0
Q9UMY4,20,0,0.0
Q9UN36,20,0,0.0
Q9UNH7,20,0,0.0
Q9UNM6,20,0,0.0
Q9UNS2,20,0,0.0
Q9UNZ2,20,0,0.0
Q9UPQ0,20,0,0.0
Q9UQ80,20,0,0.0
Q9Y224,20,0,0.0
Q9Y230,20,0,0.0
Q9Y262,20,0,0.0
Q9Y265,20,0,0.0
Q9Y266,20,0,0.0
Q9Y277,20,0,0.0
Q9Y281,20,0,0.0
Q9Y2B0,20,0,0.0
Q9Y2D5,20,0,0.0
Q9Y2J2,20,0,0.0
Q9Y2Q3,20,0,0.0
Q9Y2Q5,20,0,0.0
Q9Y2S2,20,0,0.0
Q9Y2V2,20,0,0.0
Q9Y2Z0,20,0,0.0
Q9Y305,20,0,0.0
Q9Y371,20,0,0.0
Q9Y376,20,0,0.0
Q9Y394,20,0,0.0
Q9Y3A3,20,0,0.0
Q9Y3A6,20,0,0.0
Q9Y3B8,20,0,0.0
Q9Y3C6,20,0,0.0
Q9Y3D6,20,0,0.0
Q9Y3F4,20,0,0.0
Q9Y3I0,20,0,0.0
Q9Y3I1,20,0,0.0
Q9Y3U8,20,0,0.0
Q9Y3Z3,20,0,0.0
Q9Y490,20,0,0.0
Q9Y4G6,20,0,0.0
Q9Y4L1,20,0,0.0
Q9Y4X5,20,0,0.0
Q9Y4Y9,20,0,0.0
Q9Y4Z0,20,0,0.0
Q9Y5L4,20,0,0.0
Q9Y5P6,20,0,0.0
Q9Y5U9,20,0,0.0
Q9Y5X3,20,0,0.0
Q9Y5Y2,20,0,0.0
Q9Y5Y7,20,0,0.0
Q9Y5Z4,20,0,0.0
Q9Y600,20,0,0.0
Q9Y617,20,0,0.0
Q9Y624,20,0,0.0
Q9Y639,20,0,0.0
Q9Y678,20,0,0.0
Q9Y696,20,0,0.0
Q9Y6B6,20,0,0.0
Q9Y6C2,20,0,0.0
Q9Y6C9,20,0,0.0
Q9Y6H1,20,0,0.0
Q9Y6I3,20,0,0.0
Q9Y6K1,20,0,0.0
Q9Y6M9,20,0,0.0
Q9Y6N5,20,0,0.0
Q9Y6U3,20,0,0.0
Q9Y6X6,20,0,0.0
O14744,20,0,0.0
P04004,20,0,0.0
P06576,20,0,0.0
P09622,20,0,0.0
P10515,20,0,0.0
P10809,20,0,0.0
P25705,20,0,0.0
P30084,20,0,0.0
P31040,20,0,0.0
P46060,20,0,0.0
P49327,20,0,0.0
P51692,20,0,0.0
P52815,20,0,0.0
P54826,20,0,0.0
P60228,20,0,0.0
Q16836,20,0,0.0
Q8NBJ7,20,0,0.0
Q9BQS8,20,0,0.0
Q9H098,20,0,0.0
Q9H488,20,0,0.0
Q9NTX5,20,0,0.0
Q9UNN8,20,0,0.0
Q9UQ35,20,0,0.0
